Year,Make,Model
2010,4-STAR,Available Models
2010,4-STAR, 
2010,4-STAR,HORSE TRAILER
2010,4-STAR TRAILER,Available Models
2010,4-STAR TRAILER, 
2010,4-STAR TRAILER,STOCK BUMPER PULL
2010,4-STAR TRAILER,STOCK GOOSENECK
2010,5STARR,Available Models
2010,5STARR, 
2010,5STARR,5S-172450V
2010,5STARR,5S-193100RTB
2010,A.C.E.,Available Models
2010,A.C.E., 
2010,A.C.E.,29.1
2010,A.C.E.,29.2
2010,AASV,Available Models
2010,AASV, 
2010,AASV,SPIRIT OF MOBILITY
2010,ACURA,Available Models
2010,ACURA, 
2010,ACURA,MDX
2010,ACURA,RDX
2010,ACURA,RL
2010,ACURA,TL
2010,ACURA,TLX
2010,ACURA,TSX
2010,ACURA,ZDX
2010,ADVENTURER,Available Models
2010,ADVENTURER, 
2010,ADVENTURER,TRUCK CAMPER
2010,AERO CUB,Available Models
2010,AERO CUB, 
2010,AERO CUB,CB160-10
2010,AERODYNE,
2010,AEROLITE,Available Models
2010,AEROLITE, 
2010,AEROLITE,AE19FL-10
2010,AEROLITE,AE24RB-SL10
2010,AEROLITE,AE25RB-GS-10
2010,AEV,Available Models
2010,AEV, 
2010,AEV,AMBULANCE WHEELCHAIR VAN
2010,AEV,TYPE II AMBULANCE
2010,AIRSTREAM,Available Models
2010,AIRSTREAM, 
2010,AIRSTREAM,FLYING CLOUD
2010,AIRSTREAM,INTERSTATE
2010,ALFA,
2010,ALINER,Available Models
2010,ALINER, 
2010,ALINER,TRAVEL TRAILER
2010,ALTEC,Available Models
2010,ALTEC, 
2010,ALTEC,470 KNUCKLE BOOM CRANE
2010,ALTEC,AA50
2010,ALTEC,AA55
2010,ALTEC,AA60
2010,ALTEC,AA600
2010,ALTEC,AA755
2010,ALTEC,AC18
2010,ALTEC,AC23
2010,ALTEC,AC35/38 CRANE
2010,ALTEC,AC38
2010,ALTEC,AERIAL DEVICE
2010,ALTEC,AH100
2010,ALTEC,AH75
2010,ALTEC,AH85
2010,ALTEC,ALTEC
2010,ALTEC,AM55
2010,ALTEC,AM650
2010,ALTEC,AM855
2010,ALTEC,AM900E
2010,ALTEC,AN650
2010,ALTEC,AP
2010,ALTEC,AT200A
2010,ALTEC,AT235
2010,ALTEC,AT235P
2010,ALTEC,AT237
2010,ALTEC,AT248F
2010,ALTEC,AT30-G
2010,ALTEC,AT35-G
2010,ALTEC,AT37-G
2010,ALTEC,AT40-G
2010,ALTEC,CRANE TELESCOPIC JIB
2010,ALTEC,D2000
2010,ALTEC,D3000
2010,ALTEC,D800
2010,ALTEC,D940
2010,ALTEC,DC1317HP
2010,ALTEC,DC912A
2010,ALTEC,DIGGER DERRICK
2010,ALTEC,DL
2010,ALTEC,DM
2010,ALTEC,EFFER 440
2010,ALTEC,LB650
2010,ALTEC,LRV
2010,ALTEC,NOVAE ST81181TPL2-B-140
2010,ALTEC,SERVICE BODY
2010,ALTEC,TELESCOPING AERIAL DEVICE
2010,ALTEC,WC126
2010,ALTEC,WC126A
2010,ALTEC,WC166
2010,ALTEC,WC166A
2010,ALUM-LINE,Available Models
2010,ALUM-LINE, 
2010,ALUM-LINE,FLATBED
2010,AMERA-LITE,Available Models
2010,AMERA-LITE, 
2010,AMERA-LITE,CARGO TRAILER
2010,AMERICAN HAULER,Available Models
2010,AMERICAN HAULER, 
2010,AMERICAN HAULER,CARGO TRAILERS
2010,AMERICAN HAULER,FALCON XC
2010,AMERICAN HAULER,NIGHTHAWK
2010,AMERICAN LAFRANCE,Available Models
2010,AMERICAN LAFRANCE, 
2010,AMERICAN LAFRANCE,EAGLE
2010,AMERITRANS,Available Models
2010,AMERITRANS, 
2010,AMERITRANS,E-SERIES
2010,APRILIA,Available Models
2010,APRILIA, 
2010,APRILIA,RSV4 FACTORY
2010,APRILIA,RSV4 R
2010,APRILLA,Available Models
2010,APRILLA, 
2010,APRILLA,RSV4
2010,ARBOC,Available Models
2010,ARBOC, 
2010,ARBOC,SPIRIT OF FREEDOM
2010,ARBOC,SPIRIT OF MOBILITY
2010,ARCTIC FOX,Available Models
2010,ARCTIC FOX, 
2010,ARCTIC FOX,PICKUP CAMPER
2010,ARCTIC FOX,TRAVEL TRAILER
2010,ARISING,Available Models
2010,ARISING, 
2010,ARISING,CARGO TRAILER
2010,ARISTOCRAT,Available Models
2010,ARISTOCRAT, 
2010,ARISTOCRAT,AR29Q10
2010,ASTON MARTIN,Available Models
2010,ASTON MARTIN, 
2010,ASTON MARTIN,DB9
2010,ASTON MARTIN,DBS
2010,ASTON MARTIN,F05060
2010,ASTON MARTIN,ONE-77
2010,ASTON MARTIN,RAPIDE
2010,ASTON MARTIN,RAPIDE S
2010,ASTON MARTIN,V12 VANTAGE COUPE
2010,ASTON MARTIN,V8 VANTAGE
2010,ASTON MARTIN,VANTAGE GT12
2010,ASTON MARTIN,VIRAGE
2010,ATC,Available Models
2010,ATC, 
2010,ATC,QST
2010,ATC,QUEST
2010,ATC,RAVEN
2010,ATC,RSX
2010,ATC,SS
2010,AUDI,Available Models
2010,AUDI, 
2010,AUDI,A3
2010,AUDI,A3 ETRON
2010,AUDI,A4
2010,AUDI,A5
2010,AUDI,A5 CABRIOLET
2010,AUDI,A6
2010,AUDI,A7
2010,AUDI,A8
2010,AUDI,ALLROAD
2010,AUDI,AUDI
2010,AUDI,B8
2010,AUDI,C6
2010,AUDI,C7
2010,AUDI,D3
2010,AUDI,D4
2010,AUDI,Q3
2010,AUDI,Q5
2010,AUDI,Q7
2010,AUDI,R8
2010,AUDI,RS5
2010,AUDI,RS6
2010,AUDI,S4
2010,AUDI,S5
2010,AUDI,S5 CABRIO
2010,AUDI,S5 CABRIOLET
2010,AUDI,S6
2010,AUDI,TT
2010,AUTOCAR,Available Models
2010,AUTOCAR, 
2010,AUTOCAR,ACX
2010,AUTOCAR,ACX65
2010,AUTOCAR,WX
2010,AUTOCAR,WX64
2010,AUTOCAR,WXLL
2010,AUTOCAR,WXLL42
2010,AUTOCAR,WXLL64
2010,AUTOCAR,WXR64
2010,AUTOCAR,XPEDITOR
2010,AUTOCAR,XSPOTTER
2010,AVANT-GARDE,
2010,AZURE DYNAMICS,Available Models
2010,AZURE DYNAMICS, 
2010,AZURE DYNAMICS,BALANCE HYBRID
2010,B-1650-70-BL,
2010,B-1650-70-GL,
2010,B-3500-DB-78-BL,Available Models
2010,B-3500-DB-78-BL, 
2010,B-3500-DB-78-BL,725-00166-BL-NAS
2010,BACK COUNTRY,Available Models
2010,BACK COUNTRY, 
2010,BACK COUNTRY,TRAVEL TRAILER
2010,BAD BOY,Available Models
2010,BAD BOY, 
2010,BAD BOY,CLASSIC LSV
2010,BAD BOY,XT LSV
2010,BAY BRIDGE MFG,Available Models
2010,BAY BRIDGE MFG, 
2010,BAY BRIDGE MFG,CLASSIC UNIT
2010,BAY BRIDGE MFG,FRP UNIT
2010,BAY BRIDGE MFG,SHEET & POST UNIT TRAILER
2010,BAY BRIDGE MFG,SHEET AND POST UNIT
2010,BEAVER COACH,Available Models
2010,BEAVER COACH, 
2010,BEAVER COACH,CONTESSA
2010,BEAVER COACH,MARQUIS
2010,BEAVER COACH,MONTEREY
2010,BEAVER COACH,PATRIOT
2010,BENTLEY,Available Models
2010,BENTLEY, 
2010,BENTLEY,AZURE
2010,BENTLEY,BROOKLANDS
2010,BENTLEY,CONTINENTAL CABRIO
2010,BENTLEY,CONTINENTAL CONVERTIBLE
2010,BENTLEY,CONTINENTAL FLYING SPUR
2010,BENTLEY,CONTINENTAL GT
2010,BENTLEY,CONTINENTAL GTC
2010,BENTLEY,FLYING SPUR
2010,BERKSHIRE,Available Models
2010,BERKSHIRE, 
2010,BERKSHIRE,360FWS
2010,BERKSHIRE,360QS
2010,BERKSHIRE,390BH
2010,BERKSHIRE,390FL
2010,BERKSHIRE,390QS
2010,BERKSHIRE,390RB
2010,BERKSHIRE,390TS
2010,BERKSHIRE,410QS
2010,BIG DOG,
2010,BIGDOG,
2010,BIGTEX,Available Models
2010,BIGTEX, 
2010,BIGTEX,14GX
2010,BIGTEX,14LX
2010,BISON,Available Models
2010,BISON, 
2010,BISON,ALUMA SPORT
2010,BISON,STRATUS
2010,BISON,TRAIL EXPRESS
2010,BISON,TRAIL HAND
2010,BLOOMER,Available Models
2010,BLOOMER, 
2010,BLOOMER,EVOLUTION
2010,BLUE BIRD,Available Models
2010,BLUE BIRD, 
2010,BLUE BIRD,A1VC
2010,BLUE BIRD,A3FE
2010,BLUE BIRD,A3RE
2010,BLUE BIRD,ALL AMERICAN
2010,BLUE BIRD,ALL AMERICAN D3
2010,BLUE BIRD,B2VC
2010,BLUE BIRD,BBCV
2010,BLUE BIRD,BBCV3011S
2010,BLUE BIRD,CONVENTIONAL
2010,BLUE BIRD,D3FE
2010,BLUE BIRD,D3RE
2010,BLUE BIRD,EXCEL 102
2010,BLUE BIRD,MICRO BIRD
2010,BLUE BIRD,VISION
2010,BMW,Available Models
2010,BMW, 
2010,BMW,1 SERIES
2010,BMW,1 SERIES M
2010,BMW,128I
2010,BMW,135I
2010,BMW,3 SERIES
2010,BMW,323I
2010,BMW,325
2010,BMW,325I
2010,BMW,325XI
2010,BMW,328
2010,BMW,328I
2010,BMW,328XI
2010,BMW,330
2010,BMW,330I
2010,BMW,330XI
2010,BMW,335
2010,BMW,335D
2010,BMW,335I
2010,BMW,335IS
2010,BMW,335XI
2010,BMW,5-SERIES
2010,BMW,5-SERIES GRAN TURISMO
2010,BMW,525I
2010,BMW,528I
2010,BMW,528XI
2010,BMW,530I
2010,BMW,535I
2010,BMW,535I GRAN TURISMO
2010,BMW,535XI
2010,BMW,550I
2010,BMW,550I GRAN TURISMO
2010,BMW,6 SERIES
2010,BMW,650I
2010,BMW,7-SERIES
2010,BMW,750I
2010,BMW,750LI
2010,BMW,760LI
2010,BMW,F 650 GS
2010,BMW,F 800 GS
2010,BMW,F800 GS
2010,BMW,F800 ST
2010,BMW,HP2 SPORT
2010,BMW,K 1300 GT
2010,BMW,K 1300 R
2010,BMW,K 1300 S
2010,BMW,K1200 GT
2010,BMW,K1200 R
2010,BMW,K1200 S
2010,BMW,K1300 GT
2010,BMW,K1300 R
2010,BMW,K1300 S
2010,BMW,M3
2010,BMW,M5
2010,BMW,M6
2010,BMW,R 1200 GS
2010,BMW,R 1200 GS ADV US
2010,BMW,R 1200 GS ADVENTURE
2010,BMW,R 1200 R
2010,BMW,R 1200 RT
2010,BMW,R1200 GS
2010,BMW,R1200 GS ADVENTURE
2010,BMW,R1200 RT
2010,BMW,S 1000 RR
2010,BMW,S1000 RR
2010,BMW,X3
2010,BMW,X3 SAV
2010,BMW,X5
2010,BMW,X5 M
2010,BMW,X5 SAV
2010,BMW,X6
2010,BMW,X6 ACTIVEHYBRID SAC
2010,BMW,X6 M
2010,BMW,X6 SAV
2010,BMW,Z4
2010,BOUNDER BRAND,
2010,BP-1250-30,
2010,BRAUN,Available Models
2010,BRAUN, 
2010,BRAUN,FORD E-350
2010,BRAUN,TOWN AND COUNTRY
2010,BRAUN,VISION REAR ENTRY
2010,BRECKENRIDGE,Available Models
2010,BRECKENRIDGE, 
2010,BRECKENRIDGE,102'S
2010,BRECKENRIDGE,BAYRIDGE
2010,BRECKENRIDGE,BRECKENLODGE
2010,BRECKENRIDGE,BRECKENRIDGE
2010,BRECKENRIDGE,CLASSIC BREEZE
2010,BRECKENRIDGE,FINE LIFE COTTAGE
2010,BRECKENRIDGE,LE
2010,BRECKENRIDGE,PERFECT COTTAGE
2010,BRECKENRIDGE,SE
2010,BRECKENRIDGE,XTENDABLE
2010,BRONCO,
2010,BROOKSTONE,
2010,BRP,Available Models
2010,BRP, 
2010,BRP,SEA-DOO ADVANCED TEC
2010,BUELL,Available Models
2010,BUELL, 
2010,BUELL,1125CR
2010,BUELL,1125R
2010,BUELL,XB12SCG
2010,BUELL,XB12X
2010,BUELL,XB12XT
2010,BUGATTI,Available Models
2010,BUGATTI, 
2010,BUGATTI,VEYRON
2010,BUGATTI,VEYRON GRAND SPORT
2010,BUICK,Available Models
2010,BUICK, 
2010,BUICK,ENCLAVE
2010,BUICK,LACROSSE
2010,BUICK,LUCERNE
2010,BUICK,REGAL
2010,BW-1250-56,
2010,BW-1700-70-ST,
2010,BW-2200-70-ST,
2010,BW-2350-74-ST,
2010,BW-2350-DB10-74-ST,
2010,BW-4100-DB12-78-ST,
2010,BW-4100-DB12-78-ST-R,
2010,BW-900-46,
2010,BWA-4050-DB12-78-LFB,
2010,BWA-4100-DB12-78-LFB,
2010,BWAT-5000-TDB10-78-LFB,
2010,BWAT-5800-TDB10-78,
2010,BWAT-5800-TDB10-78-LFB,
2010,BWAT-6800-TDB10-78-LFB,
2010,C & C FORD,Available Models
2010,C & C FORD, 
2010,C & C FORD,FORD E-250
2010,C & C FORD,FORD E-350
2010,C&B,Available Models
2010,C&B, 
2010,C&B,TRAILER
2010,CADILLAC,Available Models
2010,CADILLAC, 
2010,CADILLAC,CTS
2010,CADILLAC,CTS-V
2010,CADILLAC,DTS
2010,CADILLAC,ESCALADE
2010,CADILLAC,ESCALADE ESV
2010,CADILLAC,ESCALADE EXT
2010,CADILLAC,ESCALADE EXT 1500
2010,CADILLAC,ESCALADE HYBRID
2010,CADILLAC,SRX
2010,CADILLAC,STS
2010,CAM-AM,
2010,CAMPAGNA,Available Models
2010,CAMPAGNA, 
2010,CAMPAGNA,T-REX
2010,CAN-AM,Available Models
2010,CAN-AM, 
2010,CAN-AM,SPYDER
2010,CAN-AM,SPYDER GS
2010,CAN-AM,SPYDER RS
2010,CAN-AM,SPYDER RT
2010,CAN-AM,SPYDER RTS
2010,CAPACITY,Available Models
2010,CAPACITY, 
2010,CAPACITY,TERMINAL TRACTOR
2010,CARGO CRAFT,Available Models
2010,CARGO CRAFT, 
2010,CARGO CRAFT,CARGO TRAILER
2010,CARGO CRAFT,EV5101
2010,CARGO MATE,Available Models
2010,CARGO MATE, 
2010,CARGO MATE,CARGO MATE
2010,CARGO MATE,CARGO TRAILER
2010,CARGO SOUTH,Available Models
2010,CARGO SOUTH, 
2010,CARGO SOUTH,ENCLOSED UTILITY TRAILER
2010,CARNAI,
2010,CARRIAGE,Available Models
2010,CARRIAGE, 
2010,CARRIAGE,CAMEO
2010,CARRIAGE,CARRI-LITE
2010,CARRIAGE,ROYALS
2010,CARRY-ON,Available Models
2010,CARRY-ON, 
2010,CARRY-ON,ENCLOSED CARGO TRAILER
2010,CARRY-ON TRAILER,Available Models
2010,CARRY-ON TRAILER, 
2010,CARRY-ON TRAILER,4X6CG
2010,CARRY-ON TRAILER,6X10CG
2010,CARSON,Available Models
2010,CARSON, 
2010,CARSON,FUN RUNNER
2010,CB,
2010,CEDAR CREEK,
2010,CHALET,Available Models
2010,CHALET, 
2010,CHALET,ALPINE
2010,CHALET,ARROWHEAD
2010,CHALET,ASPEN
2010,CHALET,TS116
2010,CHALET,XL
2010,CHALLENGER,
2010,CHAMPION,Available Models
2010,CHAMPION, 
2010,CHAMPION,ABC M-1235
2010,CHAMPION,AMERICAN
2010,CHAMPION,AMERICAN COACH
2010,CHAMPION,AMERICAN CRUSADER
2010,CHAMPION,CHALLENGER
2010,CHAMPION,CORPORAL
2010,CHAMPION,CRUSADER
2010,CHAMPION,CTS
2010,CHAMPION,CTS RE
2010,CHAMPION,CTS-FE
2010,CHAMPION,CTS-RE
2010,CHAMPION,CTSTE
2010,CHAMPION,DEFENDER
2010,CHAMPION,EZ-TRANS
2010,CHAMPION,HC AMERICAN
2010,CHAMPION,HCAC
2010,CHAMPION,HIGH FLOOR IC
2010,CHAMPION,IC HIGH FLOOR
2010,CHAMPION,IC LOW FLOOR
2010,CHAMPION,PLATINUM SHUTTLE
2010,CHAMPION,STACKED RAIL
2010,CHAMPION,TERRASTAR
2010,CHAMPION BUS,Available Models
2010,CHAMPION BUS, 
2010,CHAMPION BUS,DEFENDER
2010,CHAPARRAL,
2010,CHAPARRAL LITE,
2010,CHARLES MACHINE,Available Models
2010,CHARLES MACHINE, 
2010,CHARLES MACHINE,DITCH WITCH T26
2010,CHARLESTON,Available Models
2010,CHARLESTON, 
2010,CHARLESTON,360QS
2010,CHARLESTON,360TS
2010,CHARLESTON,400QS
2010,CHARLESTON,400TS
2010,CHARLESTON,405QS
2010,CHARLESTON,410DST
2010,CHARLESTON,410FK
2010,CHARLESTON,410FS
2010,CHARLESTON,410FWS
2010,CHARLESTON,410LR
2010,CHARLESTON,410QS
2010,CHARLESTON,430BH
2010,CHARLESTON,430QS
2010,CHARLESTON,430RB
2010,CHEETAH,Available Models
2010,CHEETAH, 
2010,CHEETAH,20-40 FT MAXIMIZER
2010,CHEROKEE,Available Models
2010,CHEROKEE, 
2010,CHEROKEE,TRAVEL TRAILER
2010,CHEVROLET,Available Models
2010,CHEVROLET, 
2010,CHEVROLET,AVALANCHE
2010,CHEVROLET,AVALANCHE 1500
2010,CHEVROLET,AVEO
2010,CHEVROLET,C4500
2010,CHEVROLET,CAMARO
2010,CHEVROLET,CAPTIVA
2010,CHEVROLET,CAPTIVA SPORT
2010,CHEVROLET,COBALT
2010,CHEVROLET,COBALT SS
2010,CHEVROLET,COLORADO
2010,CHEVROLET,CORVETTE
2010,CHEVROLET,CRUZE
2010,CHEVROLET,EQUINOX
2010,CHEVROLET,EXPRESS
2010,CHEVROLET,EXPRESS 1500
2010,CHEVROLET,EXPRESS 2500
2010,CHEVROLET,EXPRESS 3500
2010,CHEVROLET,G VAN BUS
2010,CHEVROLET,HHR
2010,CHEVROLET,IMPALA
2010,CHEVROLET,MALIBU
2010,CHEVROLET,MALIBU HYBRID
2010,CHEVROLET,MONTE CARLO
2010,CHEVROLET,SILVERADO
2010,CHEVROLET,SILVERADO 1500
2010,CHEVROLET,SILVERADO 2500
2010,CHEVROLET,SILVERADO 3500
2010,CHEVROLET,SILVERADO HYBRID
2010,CHEVROLET,SUBURBAN
2010,CHEVROLET,SUBURBAN 1500
2010,CHEVROLET,SUBURBAN 2500
2010,CHEVROLET,T SERIES
2010,CHEVROLET,TAHOE
2010,CHEVROLET,TAHOE HYBRID
2010,CHEVROLET,TAHOE POLICE PURSUIT
2010,CHEVROLET,TRAVERSE
2010,CHEVROLET,W-SERIES
2010,CHEVROLET,W3500
2010,CHEVROLET,W4500
2010,CHEVROLET,W5500
2010,CHG,Available Models
2010,CHG, 
2010,CHG,CFV3250
2010,CHRYSLER,Available Models
2010,CHRYSLER, 
2010,CHRYSLER,200
2010,CHRYSLER,300
2010,CHRYSLER,300 AWD
2010,CHRYSLER,300C
2010,CHRYSLER,300S
2010,CHRYSLER,GRAND VOYAGER
2010,CHRYSLER,PT CRUISER
2010,CHRYSLER,SEBRING
2010,CHRYSLER,SEBRING CONV
2010,CHRYSLER,SRT8
2010,CHRYSLER,TOWN AND COUNTRY
2010,CIMARRON,Available Models
2010,CIMARRON, 
2010,CIMARRON,LS
2010,CIMARRON,NS
2010,CIMARRON,SS
2010,CIMARRON,SW
2010,CIRCLE D,Available Models
2010,CIRCLE D, 
2010,CIRCLE D,BHST
2010,CIRCLE D,GNMPT
2010,CIRCLE D,GNST
2010,CJAY,Available Models
2010,CJAY, 
2010,CJAY,CJ510
2010,CJAY,CJ610
2010,CJAY,CJ612
2010,CJAY,CJ714
2010,CJAY,CJ716
2010,CJAY,CJ814
2010,CJAY,CJ815
2010,CJAY,CJ816
2010,CJAY,CJ820
2010,CJAY,CJ823
2010,CJAY,CJ824
2010,CJAY,CJ830
2010,CJAY,FX9-620 COMBO
2010,CLUB CAR,Available Models
2010,CLUB CAR, 
2010,CLUB CAR,CARRYALL 2 LSV
2010,CLUB CAR,CARRYALL 6 LSV
2010,CLUB CAR,NEV
2010,CLUB CAR,PRECEDENT
2010,CLUB CAR,VILLAGER 2+2 LSV
2010,CM TRAILERS,Available Models
2010,CM TRAILERS, 
2010,CM TRAILERS,DROVER AL
2010,CM TRAILERS,DROVER ALD
2010,CM TRAILERS,LEGACY
2010,CM TRAILERS,REVOLUTION
2010,CM TRAILERS,REVOLUTION STK
2010,CM TRAILERS,ROUNDUP AL
2010,COACH & EQUIPMENT,Available Models
2010,COACH & EQUIPMENT, 
2010,COACH & EQUIPMENT,METRO-LITE
2010,COACH & EQUIPMENT,PEGASUS
2010,COACH & EQUIPMENT,PHOENIX
2010,COACH AND EQUIPMENT,Available Models
2010,COACH AND EQUIPMENT, 
2010,COACH AND EQUIPMENT,ALLEY CAT
2010,COACH AND EQUIPMENT,CONDOR LT
2010,COACH AND EQUIPMENT,METRO LITE
2010,COACH AND EQUIPMENT,PEGASUS
2010,COACH AND EQUIPMENT,PHOENIX
2010,COACH HOUSE,Available Models
2010,COACH HOUSE, 
2010,COACH HOUSE,ARRIVA
2010,COACH HOUSE,MOTORHOME
2010,COACH HOUSE,PLATINUM
2010,COACH HOUSE,PLATINUM II
2010,COACHMEN,Available Models
2010,COACHMEN, 
2010,COACHMEN,APEX
2010,COACHMEN,BLAST
2010,COACHMEN,BROOKSTONE
2010,COACHMEN,CATALINA
2010,COACHMEN,CONCORD
2010,COACHMEN,ENCOUNTER
2010,COACHMEN,FREEDOM EXPRESS
2010,COACHMEN,FREELANDER
2010,COACHMEN,LEPRECHAUN
2010,COACHMEN,MIRADA
2010,COACHMEN,ORION
2010,COACHMEN,PRISM
2010,COACHMEN,PURSUIT
2010,COLEMAN,Available Models
2010,COLEMAN, 
2010,COLEMAN,CT-240-105
2010,COLEMAN,CT-250-105
2010,COLEMAN,NIAGARA
2010,COLLINS,Available Models
2010,COLLINS, 
2010,COLLINS,BANTAM
2010,COLLINS,DE416WR
2010,COLLINS,DE516WR
2010,COLLINS,DH416WR
2010,COLLINS,DH516WR
2010,COLLINS,GRAND BANTAM
2010,COLLINS,MID BUS GRAND GUIDE
2010,COLLINS,MID BUS GUIDE
2010,COLLINS,MID BUS SUPER GUIDE
2010,COLLINS,SUPER BANTAM
2010,COLORADO,
2010,COLUMBIA,Available Models
2010,COLUMBIA, 
2010,COLUMBIA,ALINER CLASSIC
2010,COLUMBIA,ALINER ST-1
2010,COLUMBIA,EAGLE
2010,COLUMBIA,SUMMIT
2010,CONCORD,
2010,CONTINENTAL CARGO,Available Models
2010,CONTINENTAL CARGO, 
2010,CONTINENTAL CARGO,CARGO TRAILER
2010,CONTINENTAL CARGO,CONTINENTAL CARGO
2010,CONTRACT MANUFACTURER,Available Models
2010,CONTRACT MANUFACTURER, 
2010,CONTRACT MANUFACTURER,CONTRACT MANUFACTURER
2010,COOSE TRAILER,Available Models
2010,COOSE TRAILER, 
2010,COOSE TRAILER,TRAVEL TRAILER
2010,CORNHUSKER,Available Models
2010,CORNHUSKER, 
2010,CORNHUSKER,HOPPER
2010,COTTRELL,Available Models
2010,COTTRELL, 
2010,COTTRELL,4-CAR CS
2010,COTTRELL,CX-09HCS
2010,COTTRELL,CX-09LS3
2010,COTTRELL,CX-09LS3-CAN
2010,COTTRELL,CX-11HCS
2010,COTTRELL,TRAILER
2010,COVERED WAGON TRAILERS,Available Models
2010,COVERED WAGON TRAILERS, 
2010,COVERED WAGON TRAILERS,CARGO TRAILERS
2010,COWTOWN SLEEPERS,Available Models
2010,COWTOWN SLEEPERS, 
2010,COWTOWN SLEEPERS,TRUCK SLEEPERS
2010,CRAFTSMEN,Available Models
2010,CRAFTSMEN, 
2010,CRAFTSMEN,CUSTOM VEHICLE
2010,CRANE,Available Models
2010,CRANE, 
2010,CRANE,COE
2010,CRANE,LDT2
2010,CRANE,LE2
2010,CRANE,LET2
2010,CRANE CARRIER,Available Models
2010,CRANE CARRIER, 
2010,CRANE CARRIER,DR
2010,CRANE CARRIER,OET
2010,CRANE CARRIER,WS
2010,CROSS COUNTRY,
2010,CROSSROADS,Available Models
2010,CROSSROADS, 
2010,CROSSROADS,CRUISER
2010,CROSSROADS,HAMPTON
2010,CROSSROADS,KINGSTON
2010,CROSSROADS,SEVILLE
2010,CROSSROADS,SIMPLICITY
2010,CROSSROADS,SLINGSHOT
2010,CROSSROADS,SUNSET TRAIL
2010,CROSSROADS,TRANQUILITY
2010,CROSSROADS,WESTCHESTER
2010,CROSSROADS,ZINGER
2010,CRUISER RV,Available Models
2010,CRUISER RV, 
2010,CRUISER RV,ENTERRA
2010,CRUISER RV,FUN FINDER
2010,CRUISER RV,FUN FINDER X
2010,CRUISER RV,FUN FINDER XTRA
2010,CRUISER RV,RADIANCE
2010,CRUISER RV,SHADOW CRUISER
2010,CRUISER RV,SIGNATURE
2010,CRUISER RV,VIEW FINDER LITE
2010,CRUISER RV,VIEW FINDER TOY HAULER
2010,CRUISER RV,VIEWFINDER
2010,DAMON,Available Models
2010,DAMON, 
2010,DAMON,ASTORIA
2010,DAMON,AVANTI
2010,DAMON,CHALLENGER
2010,DAMON,DAYBREAK
2010,DAMON,ESSENCE
2010,DAMON,OUTLAW
2010,DAMON,TUSCANY
2010,DAYBREAK,Available Models
2010,DAYBREAK, 
2010,DAYBREAK,DAYBREAK
2010,DENALI,
2010,DESERT FOX,Available Models
2010,DESERT FOX, 
2010,DESERT FOX,TOY HAULER
2010,DIAMOND COACH,Available Models
2010,DIAMOND COACH, 
2010,DIAMOND COACH,IBD
2010,DIAMOND COACH,PS
2010,DIAMOND COACH,PT
2010,DIAMOND COACH,VIP
2010,DITCH WITCH,Available Models
2010,DITCH WITCH, 
2010,DITCH WITCH,T12SE
2010,DITCH WITCH,T18S
2010,DITCH WITCH,T9S
2010,DITCH WITCH,T9SH
2010,DODGE,Available Models
2010,DODGE, 
2010,DODGE,AVENGER
2010,DODGE,CALIBER
2010,DODGE,CARAVAN
2010,DODGE,CHALLENGER
2010,DODGE,CHARGER
2010,DODGE,CHARGER AWD
2010,DODGE,DAKOTA
2010,DODGE,GRAND CARAVAN
2010,DODGE,JOURNEY
2010,DODGE,JOURNEY AWD
2010,DODGE,MAGNUM
2010,DODGE,NITRO
2010,DODGE,RAM
2010,DODGE,RAM 3500
2010,DODGE,SPRINTER 2500
2010,DODGE,SPRINTER 3500
2010,DODGE,VIPER COUPE
2010,DODGE,VIPER ROADSTER
2010,DODGEN,Available Models
2010,DODGEN, 
2010,DODGEN,MOBILE TECH. MOBILITY RV
2010,DOUBLE K,Available Models
2010,DOUBLE K, 
2010,DOUBLE K,MAINSTREET
2010,DOUBLE R TRAILERS,Available Models
2010,DOUBLE R TRAILERS, 
2010,DOUBLE R TRAILERS,UTILITY TRAILER
2010,DOUBLE TREE,Available Models
2010,DOUBLE TREE, 
2010,DOUBLE TREE,ELITE
2010,DOUBLE TREE,MOBILE SUITE
2010,DOUBLE TREE,SELECT SUITE
2010,DOUBLE TREE,TRADITION
2010,DRESSEN,Available Models
2010,DRESSEN, 
2010,DRESSEN,DAKOTA CARGO
2010,DRESSEN,DAKOTA COMPETITOR
2010,DRV,Available Models
2010,DRV, 
2010,DRV,ELITE SUITE
2010,DRV,ELITE SUITES ALL
2010,DRV,MOBILE
2010,DRV,MOBILE SUITE
2010,DRV,MOBILE SUITE ESTATES
2010,DRV,SELECT
2010,DUCATI,Available Models
2010,DUCATI, 
2010,DUCATI,1000GT
2010,DUCATI,1198
2010,DUCATI,1198R CORSE
2010,DUCATI,1198S
2010,DUCATI,1198S CORSE
2010,DUCATI,848
2010,DUCATI,848 NH
2010,DUCATI,916
2010,DUCATI,996
2010,DUCATI,998
2010,DUCATI,DUCATI
2010,DUCATI,F1098
2010,DUCATI,F1098 STREETFIGHTER
2010,DUCATI,F1098 STREETFIGHTER S
2010,DUCATI,F1098S
2010,DUCATI,F1098S STREETFIGHTER
2010,DUCATI,HYM1100 EVO SP
2010,DUCATI,HYM1100E
2010,DUCATI,HYM796
2010,DUCATI,HYPERMOTARD 796
2010,DUCATI,M1100
2010,DUCATI,M1100 ABS
2010,DUCATI,M1100S
2010,DUCATI,M1100S ABS
2010,DUCATI,M696+
2010,DUCATI,M696+ ABS
2010,DUCATI,MS 1200S
2010,DUCATI,MS1200-A
2010,DUCATI,MS1200S
2010,DUCATI,MS1200ST
2010,DUCATI,MTS1200
2010,DUCATI,MTS1200 ABS
2010,DUCATI,MULTISTRADA 1200
2010,DUTCHMEN,Available Models
2010,DUTCHMEN, 
2010,DUTCHMEN,AEROLITE
2010,DUTCHMEN,ARISTOCRAT
2010,DUTCHMEN,BAYRIDGE
2010,DUTCHMEN,BRECKENRIDGE
2010,DUTCHMEN,COLEMAN
2010,DUTCHMEN,COLORADO
2010,DUTCHMEN,CUB
2010,DUTCHMEN,DENALI
2010,DUTCHMEN,DUTCHLITE
2010,DUTCHMEN,DUTCHMEN
2010,DUTCHMEN,DUTCHMEN LITE
2010,DUTCHMEN,DUTCHMEN SPORT
2010,DUTCHMEN,ECO
2010,DUTCHMEN,FOUR WINDS
2010,DUTCHMEN,FREEDOM SPIRIT
2010,DUTCHMEN,GRAND JUNCTION
2010,DUTCHMEN,KODIAK
2010,DUTCHMEN,KOMFORT
2010,DUTCHMEN,LITE TRAILERS
2010,DUTCHMEN,N TENSE
2010,DUTCHMEN,NORTHSHORE
2010,DUTCHMEN,RAINIER
2010,DUTCHMEN,SPORT
2010,DUTCHMEN,T@B
2010,DUTCHMEN,T@DA
2010,DUTCHMEN,TOPO
2010,DUTCHMEN,VICTORY LANE
2010,DUTCHMEN,WILD THING
2010,DUTCHMEN,WINNERS CIRCLE
2010,DUTCHMEN,ZOOM
2010,DUTCHMEN LITE,
2010,DYNAMAX,Available Models
2010,DYNAMAX, 
2010,DYNAMAX,DYNA AIRE
2010,DYNAMAX,DYNAQUEST ST
2010,DYNAMAX,DYNAQUEST XL
2010,DYNAMAX,GRAND SPORT
2010,DYNAMAX,ISATA
2010,E-ONE,Available Models
2010,E-ONE, 
2010,E-ONE,C2
2010,E-ONE,C3
2010,E-ONE,CYCLONE
2010,E-ONE,CYCLONE II
2010,E-ONE,CYCLONE III
2010,E-ONE,F550
2010,E-ONE,FLM2
2010,E-ONE,I440
2010,E-ONE,I740
2010,E-ONE,QUEST
2010,E-ONE,QUEST II
2010,E-ONE,SPBE
2010,E-ONE,SPGL
2010,E-ONE,TRADITION
2010,E-ONE,TYPHOON
2010,E-ONE,X-036
2010,E-RIDE,Available Models
2010,E-RIDE, 
2010,E-RIDE,EXV2
2010,E-RIDE,EXV4
2010,EAGAN,
2010,ECO,
2010,ECO LOGIC,
2010,EG,
2010,ELDORADO,Available Models
2010,ELDORADO, 
2010,ELDORADO,ADVANTAGE
2010,ELDORADO,AERO ELITE
2010,ELDORADO,AEROLITE
2010,ELDORADO,AEROTECH
2010,ELDORADO,AMERIVAN
2010,ELDORADO,AMERIVAN 10
2010,ELDORADO,AXESS
2010,ELDORADO,E-Z RIDER II
2010,ELDORADO,EZRM
2010,ELDORADO,MST II
2010,ELDORADO,PASSPORT
2010,ELDORADO,TRANSTECH
2010,ELDORADO,VERSA SHUTTLE
2010,ELDORADO,XHF
2010,ELDORADO MOBILITY,Available Models
2010,ELDORADO MOBILITY, 
2010,ELDORADO MOBILITY,AMERIVAN
2010,ELEMENT,Available Models
2010,ELEMENT, 
2010,ELEMENT,TRAVEL TRAILER
2010,ELGIN,Available Models
2010,ELGIN, 
2010,ELGIN,BROOM BEAR
2010,ELGIN,CROSSWIND J
2010,ELGIN,MEGAWIND-MX
2010,ELITE,Available Models
2010,ELITE, 
2010,ELITE,CARGO TRAILER
2010,ELKHART,Available Models
2010,ELKHART, 
2010,ELKHART,ECI
2010,ELKHART,ECII
2010,ELKHART COACH,Available Models
2010,ELKHART COACH, 
2010,ELKHART COACH,SHUTTLE BUS
2010,ENC,Available Models
2010,ENC, 
2010,ENC,AXESS
2010,ENC,EZ-RIDER II
2010,ENC,EZ-RIDER MAX
2010,ENC,XHF
2010,ENTEGRA,Available Models
2010,ENTEGRA, 
2010,ENTEGRA,45 RB
2010,ENTEGRA,ANTHEM
2010,ENTEGRA,ASPIRE
2010,ENTEGRA,CORNERSTONE
2010,ENTEGRA,EMBLEM
2010,ENTEGRA,INSIGNIA
2010,ENTEGRA,TOWABLE TRAILER
2010,ESB-1600-CB-74,
2010,ESB-2700-TCB-78,
2010,EVER-LITE,Available Models
2010,EVER-LITE, 
2010,EVER-LITE,TRAVEL TRAILER
2010,EXCEL,Available Models
2010,EXCEL, 
2010,EXCEL,LIMITED
2010,EXCEL,WILD CARGO
2010,EXCEL,WINSLOW
2010,EXECUTIVE COACH,Available Models
2010,EXECUTIVE COACH, 
2010,EXECUTIVE COACH,LIMOUSINE
2010,EXILIR,
2010,EXISS,Available Models
2010,EXISS, 
2010,EXISS,TRAVEL TRAILER
2010,EZ,
2010,EZ LOADER,Available Models
2010,EZ LOADER, 
2010,EZ LOADER,EZB
2010,EZ LOADER,EZR
2010,EZ LOADER,EZSCB
2010,EZ LOADER,EZWB
2010,EZ LOADER,STCB
2010,EZRIDER,
2010,FAIRPLAY,Available Models
2010,FAIRPLAY, 
2010,FAIRPLAY,EVE LSV
2010,FARBER,Available Models
2010,FARBER, 
2010,FARBER,SPECIALTY VEHICLE
2010,FCA,Available Models
2010,FCA, 
2010,FCA,ALL MODELS
2010,FCCC,Available Models
2010,FCCC, 
2010,FCCC,B2
2010,FCCC,MC
2010,FCCC,MCL
2010,FCCC,S2
2010,FCCC,XBP
2010,FCCC,XCM
2010,FCCC,XCP
2010,FEATHERLITE,Available Models
2010,FEATHERLITE, 
2010,FEATHERLITE,1075
2010,FEATHERLITE,1076
2010,FEATHERLITE,4941
2010,FEATHERLITE,8581
2010,FEATHERLITE,TRAILER
2010,FEDERAL COACH,Available Models
2010,FEDERAL COACH, 
2010,FEDERAL COACH,PREMIER
2010,FEDERAL COACH,SPIRIT
2010,FERRARA,Available Models
2010,FERRARA, 
2010,FERRARA,APPARATUS 100' PLATFORM
2010,FERRARA,IGNITER
2010,FERRARA,INFERNO
2010,FERRARI,Available Models
2010,FERRARI, 
2010,FERRARI,149
2010,FERRARI,458
2010,FERRARI,458 ITALIA
2010,FERRARI,CALIFORNIA
2010,FERRARI,FF
2010,FERRARI,SPIDER
2010,FIFTH WHEELS,
2010,FKDP-1415-16,
2010,FL-UST-5000-DB10-78-ST,
2010,FLAGSTAFF,Available Models
2010,FLAGSTAFF, 
2010,FLAGSTAFF,TRAVEL TRAILER
2010,FLEETWOOD,Available Models
2010,FLEETWOOD, 
2010,FLEETWOOD,AMERICAN EAGLE
2010,FLEETWOOD,AMERICAN HERITAGE
2010,FLEETWOOD,AMERICAN TRADITION
2010,FLEETWOOD,BOUNDER
2010,FLEETWOOD,BOUNDER CLASSIC
2010,FLEETWOOD,DISCOVERY
2010,FLEETWOOD,ENCOUNTER
2010,FLEETWOOD,FIESTA
2010,FLEETWOOD,ICON
2010,FLEETWOOD,JAMBOREE
2010,FLEETWOOD,JAMBOREE SPORT
2010,FLEETWOOD,PACE ARROW
2010,FLEETWOOD,REVOLUTION LE
2010,FLEETWOOD,SOUTHWIND
2010,FLEETWOOD,TERRA
2010,FLEETWOOD,TIOGA
2010,FLEETWOOD,TIOGA RANGER
2010,FMT-KBE-1250/900-40,
2010,FORD,Available Models
2010,FORD, 
2010,FORD,C-MAX
2010,FORD,CROWN VICTORIA
2010,FORD,E-150
2010,FORD,E-250
2010,FORD,E-350
2010,FORD,E-450
2010,FORD,E-SERIES
2010,FORD,E150
2010,FORD,E250
2010,FORD,E350
2010,FORD,ECONOLINE
2010,FORD,EDGE
2010,FORD,ESCAPE
2010,FORD,ESCAPE HYBRID
2010,FORD,EXCURSION
2010,FORD,EXPEDITION
2010,FORD,EXPLORER
2010,FORD,EXPLORER SPORT TRAC
2010,FORD,F-150
2010,FORD,F-250
2010,FORD,F-250 SD
2010,FORD,F-350
2010,FORD,F-350 SD
2010,FORD,F-350 SUPER DUTY
2010,FORD,F-450
2010,FORD,F-450 SD
2010,FORD,F-450 SUPER DUTY
2010,FORD,F-53
2010,FORD,F-550
2010,FORD,F-550 SD
2010,FORD,F-550 SUPER DUTY
2010,FORD,F-650 SD
2010,FORD,F-750
2010,FORD,F-750 SD
2010,FORD,FLEX
2010,FORD,FOCUS
2010,FORD,FUSION
2010,FORD,FUSION HYBRID
2010,FORD,MUSTANG
2010,FORD,ODYSSEY
2010,FORD,ODYSSEY MPV
2010,FORD,RANGER
2010,FORD,SUPER DUTY
2010,FORD,TAURUS
2010,FORD,TRANSIT CONNECT
2010,FORD,VAN TERRA
2010,FOREST RIVER,Available Models
2010,FOREST RIVER, 
2010,FOREST RIVER,BERKSHIRE
2010,FOREST RIVER,CARDINAL
2010,FOREST RIVER,CEDAR CREEK
2010,FOREST RIVER,CHARLESTON
2010,FOREST RIVER,CHEROKEE
2010,FOREST RIVER,CROSS COUNTRY
2010,FOREST RIVER,FORESTER
2010,FOREST RIVER,GEORGETOWN
2010,FOREST RIVER,GRAND HAVEN LIFE
2010,FOREST RIVER,LEXINGTON
2010,FOREST RIVER,MOBILE RESTROOM
2010,FOREST RIVER,PATHFINDER
2010,FOREST RIVER,PUMA
2010,FOREST RIVER,R-POD
2010,FOREST RIVER,RIDGEVIEW
2010,FOREST RIVER,RIVERSTONE
2010,FOREST RIVER,ROCKPORT
2010,FOREST RIVER,ROCKWOOD
2010,FOREST RIVER,SALEM
2010,FOREST RIVER,SANDPIPER
2010,FOREST RIVER,SIERRA
2010,FOREST RIVER,SOLERA
2010,FOREST RIVER,STEALTH
2010,FOREST RIVER,SUNSEEKER
2010,FOREST RIVER,SURVEYOR
2010,FOREST RIVER,VENGEANCE
2010,FOREST RIVER,WILDCAT
2010,FOREST RIVER,WILDWOOD
2010,FOREST RIVER,WOLF PACK
2010,FOREST RIVER,WORK AND PLAY
2010,FOREST RIVER,XLR
2010,FORETRAVEL,Available Models
2010,FORETRAVEL, 
2010,FORETRAVEL,IH45
2010,FORETRAVEL,NIMBUS
2010,FORETRAVEL,PHENIX
2010,FORETRAVEL,REALM
2010,FORETRAVEL,U270
2010,FORETRAVEL,U295
2010,FORETRAVEL,U320
2010,FOUR WHEEL & SIX-PAC,Available Models
2010,FOUR WHEEL & SIX-PAC, 
2010,FOUR WHEEL & SIX-PAC,TRUCK CAMPERS
2010,FOUR WINDS,Available Models
2010,FOUR WINDS, 
2010,FOUR WINDS,ARISTOCRAT TRAILERS
2010,FOUR WINDS,CHATEAU
2010,FOUR WINDS,CITATION
2010,FOUR WINDS,DORADO
2010,FOUR WINDS,DUTCHMEN
2010,FOUR WINDS,EXPRESS LITE
2010,FOUR WINDS,FOUR WINDS
2010,FOUR WINDS,FREEDOM ELITE
2010,FOUR WINDS,FUN MOVER
2010,FOUR WINDS,HURRICANE
2010,FOUR WINDS,MAGELLAN
2010,FOUR WINDS,MANDALAY
2010,FOUR WINDS,MONTECITO
2010,FOUR WINDS,PRESIDIO
2010,FOUR WINDS,SERRANO
2010,FOUR WINDS,SIESTA
2010,FOUR WINDS,WINDSPORT
2010,FOUR WINDS INTERNATIONAL,Available Models
2010,FOUR WINDS INTERNATIONAL, 
2010,FOUR WINDS INTERNATIONAL,HURRICANE
2010,FOUR WINDS INTERNATIONAL,SERRANO
2010,FOUR WINDS INTERNATIONAL,WINDSPORT
2010,FOURWINDS,
2010,FOURWINDS EXPRESS,
2010,FOURWINDS EXPRESS LITE,
2010,FOX CREEK,
2010,FOX MOUNTAIN,
2010,FREEDOM SPIRIT,Available Models
2010,FREEDOM SPIRIT, 
2010,FREEDOM SPIRIT,FS-340RL-105
2010,FREEDOM SPIRIT LAMINATE,
2010,FREELANDER,
2010,FREIGHTLINER,Available Models
2010,FREIGHTLINER, 
2010,FREIGHTLINER,1085D
2010,FREIGHTLINER,108SD
2010,FREIGHTLINER,1145D
2010,FREIGHTLINER,114SD
2010,FREIGHTLINER,122SD
2010,FREIGHTLINER,ARGOSY
2010,FREIGHTLINER,BUSINESS CLASS M2
2010,FREIGHTLINER,CASCADIA
2010,FREIGHTLINER,CENTURY
2010,FREIGHTLINER,CENTURY CLASS
2010,FREIGHTLINER,CENTURY ST
2010,FREIGHTLINER,CENTURY ST 120
2010,FREIGHTLINER,CLASSIC XL
2010,FREIGHTLINER,COLUMBIA
2010,FREIGHTLINER,CONVENTIONAL
2010,FREIGHTLINER,CORONADO
2010,FREIGHTLINER,CUSTOM CHASSIS
2010,FREIGHTLINER,CUSTOM CHASSIS S2
2010,FREIGHTLINER,CUSTOM CHASSIS XB
2010,FREIGHTLINER,CUSTOM CHASSIS XC
2010,FREIGHTLINER,FLD
2010,FREIGHTLINER,M2
2010,FREIGHTLINER,MT45
2010,FREIGHTLINER,MT55
2010,FREIGHTLINER,SPRINTER 2500
2010,FREIGHTLINER,SPRINTER 3500
2010,FREIGHTLINER,XCS
2010,FREIGHTLINER CUSTOM CHASS,
2010,FRONTLINE COMMUNICATIONS,Available Models
2010,FRONTLINE COMMUNICATIONS, 
2010,FRONTLINE COMMUNICATIONS,MOBILE MEDICAL UNIT
2010,FURY,
2010,FUSM-2800-74-ST-GL,
2010,FV,Available Models
2010,FV, 
2010,FV,FVN85X29WT3
2010,GC,Available Models
2010,GC, 
2010,GC,GC6X10DT2
2010,GEM,Available Models
2010,GEM, 
2010,GEM,E2
2010,GEM,E2 XLD
2010,GEM,E2L
2010,GEM,E2S
2010,GEM,E4
2010,GEM,E6
2010,GEM,ELXD
2010,GENERAL COACH,Available Models
2010,GENERAL COACH, 
2010,GENERAL COACH,ABC - M1235
2010,GENERAL COACH,IC-LC
2010,GENIE,Available Models
2010,GENIE, 
2010,GENIE,TZ-34
2010,GENIE,TZ-50
2010,GILLIG,Available Models
2010,GILLIG, 
2010,GILLIG,LOW FLOOR
2010,GIRARDIN,Available Models
2010,GIRARDIN, 
2010,GIRARDIN,G5
2010,GIRARDIN,MB II
2010,GL-2450-74,
2010,GL-2450-74-ST,
2010,GL-3100-DB10-74-ST,
2010,GLAVAL,Available Models
2010,GLAVAL, 
2010,GLAVAL,CONCORDE
2010,GLAVAL,PRIMETIME
2010,GLAVAL,SPORT
2010,GLAVAL,SYNERGY
2010,GLAVAL,TITAN
2010,GLAVAL,TITAN II
2010,GLAVAL,UNIVERSAL
2010,GLAVAL BUS,Available Models
2010,GLAVAL BUS, 
2010,GLAVAL BUS,APOLLO
2010,GLAVAL BUS,CONCORDE II
2010,GLAVAL BUS,ENTOURAGE
2010,GLAVAL BUS,LEGACY
2010,GLAVAL BUS,PRIMETIME
2010,GLAVAL BUS,SPORT
2010,GLAVAL BUS,TITAN
2010,GLAVAL BUS,TITAN II
2010,GLAVAL BUS,TITAN II LOW FLOOR
2010,GLAVAL BUS,UNIVERSAL
2010,GM,Available Models
2010,GM, 
2010,GM,G3500
2010,GM,G4500
2010,GM,ODYSSEY
2010,GM-1250-46,
2010,GMC,Available Models
2010,GMC, 
2010,GMC,ACADIA
2010,GMC,CANYON
2010,GMC,DENALI
2010,GMC,ENVOY
2010,GMC,G VAN BUS
2010,GMC,SANANA
2010,GMC,SAVANA
2010,GMC,SAVANA 1500
2010,GMC,SAVANA 2500
2010,GMC,SAVANA 3500
2010,GMC,SIERRA
2010,GMC,SIERRA 1500
2010,GMC,SIERRA 2500
2010,GMC,SIERRA 3500
2010,GMC,SIERRA DENALI
2010,GMC,SIERRA HYBRID
2010,GMC,T SERIES
2010,GMC,T7500
2010,GMC,TERRAIN
2010,GMC,TOPKICK
2010,GMC,W-SERIES
2010,GMC,W3500
2010,GMC,W4500
2010,GMC,W5500
2010,GMC,YUKON
2010,GMC,YUKON DENALI
2010,GMC,YUKON DENALI XL
2010,GMC,YUKON HYBRID
2010,GMC,YUKON XL
2010,GMC,YUKON XL 1500
2010,GMC,YUKON XL 2500
2010,GOSHEN,Available Models
2010,GOSHEN, 
2010,GOSHEN,COMMANDER
2010,GOSHEN,CONNECTION
2010,GOSHEN,G-FORCE
2010,GOSHEN,G-FORCE ACCESS
2010,GOSHEN,G-FORCE LTD
2010,GOSHEN,GC II
2010,GOSHEN,GCII
2010,GOSHEN,GCII CONNECTION
2010,GOSHEN,IMPULSE
2010,GOSHEN,MAINSTREAM LOW FLOOR
2010,GOSHEN,PACER
2010,GOSHEN,PACER II
2010,GOSHEN,PACER LS
2010,GOSHEN,PACER LTD
2010,GOSHEN,SENTINEL
2010,GOSHEN,SENTINEL UC
2010,GOSHEN,WOLVERINE
2010,GR,
2010,GRAND JUNCTION,
2010,GREAT DANE,Available Models
2010,GREAT DANE, 
2010,GREAT DANE,GPA
2010,GREAT DANE,TRAILER
2010,GREAT LAKES,Available Models
2010,GREAT LAKES, 
2010,GREAT LAKES,DRYWALL PUP
2010,GULF STREAM,Available Models
2010,GULF STREAM, 
2010,GULF STREAM,AMERILITE
2010,GULF STREAM,AZTEC
2010,GULF STREAM,B TOURING CRUISER
2010,GULF STREAM,BULL DOG
2010,GULF STREAM,CANYON TRAIL
2010,GULF STREAM,CAPRI
2010,GULF STREAM,CARIBBEAN
2010,GULF STREAM,CAVALIER
2010,GULF STREAM,CONQUEST
2010,GULF STREAM,CONQUEST SE
2010,GULF STREAM,CONQUEST SUPER C
2010,GULF STREAM,EMERALD BAY
2010,GULF STREAM,ENDURA
2010,GULF STREAM,ENDURA MAX
2010,GULF STREAM,FIRE FLY
2010,GULF STREAM,G FORCE
2010,GULF STREAM,GULF BREEZE
2010,GULF STREAM,INDEPENDENCE
2010,GULF STREAM,INNSBROOK
2010,GULF STREAM,KINGSPORT
2010,GULF STREAM,MAKO
2010,GULF STREAM,MATRIX
2010,GULF STREAM,MAX WIDE OPEN
2010,GULF STREAM,MINI SUPERLITE
2010,GULF STREAM,NORTHERN EXPRESS
2010,GULF STREAM,PRAIRIE SCHOONER
2010,GULF STREAM,RIDGELINE
2010,GULF STREAM,SEDONA
2010,GULF STREAM,SIDE TRACK
2010,GULF STREAM,SKY
2010,GULF STREAM,STREAMLITE
2010,GULF STREAM,SUN VOYAGER
2010,GULF STREAM,SUPER NOVA
2010,GULF STREAM,TOUR MASTER
2010,GULF STREAM,TRAIL MASTER
2010,GULF STREAM,V STREAM ULTRA
2010,GULF STREAM,VISA
2010,GULF STREAM,VISTA
2010,GULF STREAM,YELLOWSTONE
2010,GULF STREAM,ZERO GRAVITY
2010,H-D,
2010,HARLEY-DAVIDSON,Available Models
2010,HARLEY-DAVIDSON, 
2010,HARLEY-DAVIDSON,FLHP
2010,HARLEY-DAVIDSON,FLHPE
2010,HARLEY-DAVIDSON,FLHR
2010,HARLEY-DAVIDSON,FLHR SHRINE
2010,HARLEY-DAVIDSON,FLHRC
2010,HARLEY-DAVIDSON,FLHT
2010,HARLEY-DAVIDSON,FLHTC
2010,HARLEY-DAVIDSON,FLHTCU
2010,HARLEY-DAVIDSON,FLHTCU SHRINE
2010,HARLEY-DAVIDSON,FLHTCU W/SC
2010,HARLEY-DAVIDSON,FLHTCUI
2010,HARLEY-DAVIDSON,FLHTCUSE5
2010,HARLEY-DAVIDSON,FLHTCUTG
2010,HARLEY-DAVIDSON,FLHTK
2010,HARLEY-DAVIDSON,FLHTP
2010,HARLEY-DAVIDSON,FLHTPI
2010,HARLEY-DAVIDSON,FLHX
2010,HARLEY-DAVIDSON,FLHXSE
2010,HARLEY-DAVIDSON,FLHXXX
2010,HARLEY-DAVIDSON,FLSTC
2010,HARLEY-DAVIDSON,FLSTF
2010,HARLEY-DAVIDSON,FLSTFB
2010,HARLEY-DAVIDSON,FLSTN
2010,HARLEY-DAVIDSON,FLSTSE
2010,HARLEY-DAVIDSON,FLTHTK
2010,HARLEY-DAVIDSON,FLTRU
2010,HARLEY-DAVIDSON,FLTRX
2010,HARLEY-DAVIDSON,FXD
2010,HARLEY-DAVIDSON,FXDB
2010,HARLEY-DAVIDSON,FXDC
2010,HARLEY-DAVIDSON,FXDF
2010,HARLEY-DAVIDSON,FXDL
2010,HARLEY-DAVIDSON,FXDWG
2010,HARLEY-DAVIDSON,SOFTAIL
2010,HARLEY-DAVIDSON,TOURING
2010,HARLEY-DAVIDSON,VRSCAW
2010,HARLEY-DAVIDSON,VRSCDX
2010,HARLEY-DAVIDSON,VRSCF
2010,HARLEY-DAVIDSON,XL1200C
2010,HARLEY-DAVIDSON,XL1200N
2010,HARLEY-DAVIDSON,XL1200X
2010,HARLEY-DAVIDSON,XL883L
2010,HARLEY-DAVIDSON,XL883N
2010,HARMONY,Available Models
2010,HARMONY, 
2010,HARMONY,03040003LRW
2010,HART,Available Models
2010,HART, 
2010,HART,CARGO
2010,HART,HORSE TRAILER
2010,HART,MEDALLION
2010,HART,ULTIMATE
2010,HAUL MASTER,Available Models
2010,HAUL MASTER, 
2010,HAUL MASTER,TRAILER
2010,HAULMARK,Available Models
2010,HAULMARK, 
2010,HAULMARK,MOTOR COACH
2010,HAULMARK,MOTORCOACH
2010,HAULMARK,TRAVEL TRAILER
2010,HAULMARK IND,Available Models
2010,HAULMARK IND, 
2010,HAULMARK IND,V-NOSE
2010,HAWK,
2010,HC-2800-78,
2010,HCT-4000-L-DB-78,
2010,HCT-4000-S-TDB-78,
2010,HCT-4800-L-DB-78,
2010,HCT-4800-L-TDB-78,
2010,HCT-4800-S-TDB-78,
2010,HEARTLAND,Available Models
2010,HEARTLAND, 
2010,HEARTLAND,BIG COUNTRY
2010,HEARTLAND,BIG HORN
2010,HEARTLAND,COUNTRY RIDGE
2010,HEARTLAND,CYCLONE
2010,HEARTLAND,EAGLE RIDGE
2010,HEARTLAND,EDGE
2010,HEARTLAND,ELKRIDGE
2010,HEARTLAND,FOCUS
2010,HEARTLAND,GREYSTONE
2010,HEARTLAND,NORTH COUNTRY
2010,HEARTLAND,NORTH TRAIL
2010,HEARTLAND,NORTH TRAIL FW
2010,HEARTLAND,ROAD WARRIOR
2010,HEARTLAND,SUNDANCE
2010,HEARTLAND,TRAIL RUNNER
2010,HEIL,Available Models
2010,HEIL, 
2010,HEIL,DURAPACK PYTHON
2010,HEIL,MULTIPACK
2010,HEIL,PETROLEUM PULL TRAILER
2010,HERCULES,
2010,HINO,Available Models
2010,HINO, 
2010,HINO,258
2010,HINO,268
2010,HINO,268 CHASSIS
2010,HINO,338 CHASSIS
2010,HINO,NA6J
2010,HINO,NB6J
2010,HINO,NC6J
2010,HINO,ND8J
2010,HINO,NE8J
2010,HINO,NF8J
2010,HINO,NJ8J
2010,HINO,NV8J
2010,HITCH-HIKER,Available Models
2010,HITCH-HIKER, 
2010,HITCH-HIKER,FOOD CONCESSION TRAILER
2010,HL,
2010,HME,Available Models
2010,HME, 
2010,HME,1871
2010,HOLDEN,
2010,HOLIDAY RAMBLER,Available Models
2010,HOLIDAY RAMBLER, 
2010,HOLIDAY RAMBLER,ADMIRAL
2010,HOLIDAY RAMBLER,AMBASSADOR
2010,HOLIDAY RAMBLER,ARISTA
2010,HOLIDAY RAMBLER,CAMPMASTER
2010,HOLIDAY RAMBLER,ENDEAVOR
2010,HOLIDAY RAMBLER,IMPERIAL
2010,HOLIDAY RAMBLER,MINTARO
2010,HOLIDAY RAMBLER,NAVIGATOR
2010,HOLIDAY RAMBLER,NEPTUNE
2010,HOLIDAY RAMBLER,SAVOY LX
2010,HOLIDAY RAMBLER,SCEPTER
2010,HOLIDAY RAMBLER,SCEPTOR
2010,HOMESTEADER,Available Models
2010,HOMESTEADER, 
2010,HOMESTEADER,610LB
2010,HOMESTEADER,ENCLOSED CARGO TRAILER
2010,HOMESTEADER,HORSE TRAILER
2010,HOMETOWN TROLLEY,Available Models
2010,HOMETOWN TROLLEY, 
2010,HOMETOWN TROLLEY,VILLAGER
2010,HONDA,Available Models
2010,HONDA, 
2010,HONDA,ACCORD
2010,HONDA,ACCORD CROSSTOUR
2010,HONDA,CBR1000RR
2010,HONDA,CBR600RR
2010,HONDA,CIVIC
2010,HONDA,CIVIC GX
2010,HONDA,CIVIC HYBRID
2010,HONDA,CIVIC SI
2010,HONDA,CR-V
2010,HONDA,CROSSTOUR
2010,HONDA,ELEMENT
2010,HONDA,FCX CLARITY
2010,HONDA,FIT
2010,HONDA,FSC600
2010,HONDA,GL1800
2010,HONDA,GL1800A
2010,HONDA,GOLD WING
2010,HONDA,GOLDWING
2010,HONDA,INSIGHT
2010,HONDA,NHX110
2010,HONDA,NT700
2010,HONDA,ODYSSEY
2010,HONDA,PCX125
2010,HONDA,PCX150
2010,HONDA,PILOT
2010,HONDA,RIDGELINE
2010,HONDA,SH150I
2010,HONDA,ST1300
2010,HONDA,ST1300A
2010,HONDA,VFR1200
2010,HONDA,VFR1200F
2010,HONDA,VFR1200FD
2010,HONDA,VFR12F
2010,HONDA,VT1300CR
2010,HONDA,VT1300CRA
2010,HONDA,VT1300CT
2010,HONDA,VT1300CX FURY
2010,HONDA,VT13C
2010,HONDA,VT13CX
2010,HONDA,VT750
2010,HONDA,VT750C
2010,HONDA,VT750C2
2010,HONDA,VT750C2B
2010,HONDA,VT750C2F
2010,HONDA,VT750CA
2010,HONDA,VT750CS
2010,HORTON,Available Models
2010,HORTON, 
2010,HORTON,CARGO TRAILER
2010,HUMMER,Available Models
2010,HUMMER, 
2010,HUMMER,H2
2010,HUMMER,H3
2010,HURRICANE,Available Models
2010,HURRICANE, 
2010,HURRICANE,29X
2010,HURRICANE,32A
2010,HUSQVARNA,
2010,HUTCHINSON,Available Models
2010,HUTCHINSON, 
2010,HUTCHINSON,406 B-TRAIN PUP
2010,HYOSUNG,Available Models
2010,HYOSUNG, 
2010,HYOSUNG,GT250
2010,HYUNDAI,Available Models
2010,HYUNDAI, 
2010,HYUNDAI,ACCENT
2010,HYUNDAI,AZERA
2010,HYUNDAI,ELANTRA
2010,HYUNDAI,ELANTRA TOURING
2010,HYUNDAI,EQUUS
2010,HYUNDAI,GENESIS
2010,HYUNDAI,GENESIS COUPE
2010,HYUNDAI,SANTA FE
2010,HYUNDAI,SONATA
2010,HYUNDAI,TUCSON
2010,HYUNDAI,VERACRUZ
2010,HYUNDAI TRANSLEAD,Available Models
2010,HYUNDAI TRANSLEAD, 
2010,HYUNDAI TRANSLEAD,CHASSIS
2010,HYUNDAI TRANSLEAD,CONVERTER DOLLY TRAILER
2010,HYUNDAI TRANSLEAD,REFRIGERATED TRAILERS
2010,HYUNDAI TRANSLEAD,VAN TRAILER
2010,IC,Available Models
2010,IC, 
2010,IC,3000
2010,IC,3200IM
2010,IC,3300
2010,IC,CE
2010,IC,CECB
2010,IC,CESB
2010,IC,FECB
2010,IC,FESB
2010,IC,HCCB
2010,IC,ICCB
2010,IC,ICSB
2010,IC,RCCB
2010,IC,RECB
2010,IC,RESB
2010,IC BUS,Available Models
2010,IC BUS, 
2010,IC BUS,3200
2010,IC BUS,BE
2010,IC BUS,CE
2010,IC BUS,FE
2010,IC BUS,HC
2010,IC BUS,RE
2010,ICEBEAR,Available Models
2010,ICEBEAR, 
2010,ICEBEAR,PST250K
2010,INDIAN,Available Models
2010,INDIAN, 
2010,INDIAN,BOMBER
2010,INDIAN,CHIEF BOMBER
2010,INDIAN,CHIEF CLASSIC
2010,INDIAN,CHIEF DARK HORSE
2010,INDIAN,CHIEF ROADMASTER
2010,INDIAN,CHIEF VINTAGE
2010,INDIAN,CLASSIC
2010,INDIAN,DARK HORSE
2010,INDIAN,ROADMASTER
2010,INDIAN,VINTAGE
2010,INFINITI,Available Models
2010,INFINITI, 
2010,INFINITI,EX35
2010,INFINITI,EX37
2010,INFINITI,FX
2010,INFINITI,FX35
2010,INFINITI,FX37
2010,INFINITI,FX50
2010,INFINITI,G25
2010,INFINITI,G35
2010,INFINITI,G37
2010,INFINITI,M
2010,INFINITI,M35
2010,INFINITI,M45
2010,INFINITI,QX56
2010,INTERCONTINENTAL TRUCK,Available Models
2010,INTERCONTINENTAL TRUCK, 
2010,INTERCONTINENTAL TRUCK,CUBE VAN
2010,INTERNATIONAL,Available Models
2010,INTERNATIONAL, 
2010,INTERNATIONAL,1300
2010,INTERNATIONAL,1300FBC
2010,INTERNATIONAL,3200
2010,INTERNATIONAL,3300
2010,INTERNATIONAL,4100
2010,INTERNATIONAL,4200
2010,INTERNATIONAL,4300
2010,INTERNATIONAL,4300M
2010,INTERNATIONAL,4400
2010,INTERNATIONAL,5500I
2010,INTERNATIONAL,5600I
2010,INTERNATIONAL,5900I
2010,INTERNATIONAL,7300
2010,INTERNATIONAL,7300 SFA 4X4
2010,INTERNATIONAL,7400
2010,INTERNATIONAL,7500
2010,INTERNATIONAL,7600
2010,INTERNATIONAL,7600 SBA 6X4
2010,INTERNATIONAL,7600 SFA 4X2
2010,INTERNATIONAL,7600 SFA 6X4
2010,INTERNATIONAL,8500
2010,INTERNATIONAL,8600
2010,INTERNATIONAL,9200
2010,INTERNATIONAL,9400
2010,INTERNATIONAL,9900
2010,INTERNATIONAL,ACCB
2010,INTERNATIONAL,ACSB
2010,INTERNATIONAL,AECB
2010,INTERNATIONAL,AESB
2010,INTERNATIONAL,BE
2010,INTERNATIONAL,BESB
2010,INTERNATIONAL,CE
2010,INTERNATIONAL,CECB
2010,INTERNATIONAL,CESB
2010,INTERNATIONAL,CXT
2010,INTERNATIONAL,DURASTAR
2010,INTERNATIONAL,LONESTAR
2010,INTERNATIONAL,MXT
2010,INTERNATIONAL,N10 - ENGINE
2010,INTERNATIONAL,N13 - ENGINE
2010,INTERNATIONAL,N9 - ENGINE
2010,INTERNATIONAL,PAYSTAR
2010,INTERNATIONAL,PROSTAR
2010,INTERNATIONAL,TERRASTAR
2010,INTERNATIONAL,TRANSTAR
2010,INTERNATIONAL,WORKSTAR
2010,INTERSTATE,Available Models
2010,INTERSTATE, 
2010,INTERSTATE,ICC10220TA2
2010,ISUZU,Available Models
2010,ISUZU, 
2010,ISUZU,F-SERIES
2010,ISUZU,I-290
2010,ISUZU,N-SERIES
2010,ISUZU,NPR
2010,ISUZU,NPR HD
2010,ISUZU,NQR
2010,ISUZU,NRR
2010,ISUZU,T SERIES
2010,ITASCA,Available Models
2010,ITASCA, 
2010,ITASCA,ELLIPSE
2010,ITASCA,HORIZON
2010,ITASCA,IMPULSE
2010,ITASCA,MERIDIAN
2010,ITASCA,NAVION
2010,ITASCA,NAVION IQ
2010,ITASCA,REYO
2010,ITASCA,SUNCRUISER
2010,ITASCA,SUNFLYER
2010,ITASCA,SUNOVA
2010,ITASCA,SUNOVA D33C
2010,ITASCA,SUNRISE
2010,ITASCA,SUNSTAR
2010,ITASCA,SUNSTAR E30W
2010,JACKSON MFG,Available Models
2010,JACKSON MFG, 
2010,JACKSON MFG,TRAVEL TRAILER
2010,JAG MOBILE SOLUTIONS,Available Models
2010,JAG MOBILE SOLUTIONS, 
2010,JAG MOBILE SOLUTIONS,PORTA-LISA
2010,JAG MOBILE SOLUTIONS,PORTA-LISA PLUS
2010,JAGUAR,Available Models
2010,JAGUAR, 
2010,JAGUAR,XF
2010,JAGUAR,XJ
2010,JAGUAR,XJ SEDAN
2010,JAGUAR,XK
2010,JAGUAR,XKR
2010,JAMBOREE SPORT BRAND,
2010,JAYCO,Available Models
2010,JAYCO, 
2010,JAYCO,DESIGNER
2010,JAYCO,EAGLE
2010,JAYCO,EAGLE SUPER LITE
2010,JAYCO,EMBARK
2010,JAYCO,GREYHAWK
2010,JAYCO,GREYHAWK CLASS C
2010,JAYCO,INSIGNIA
2010,JAYCO,JAY FEATHER
2010,JAYCO,JAY FLIGHT
2010,JAYCO,JAY SERIES
2010,JAYCO,MELBOURNE CLASS C
2010,JAYCO,NORTHPOINT
2010,JAYCO,OCTANE
2010,JAYCO,OCTANE SPORT UTILITY
2010,JAYCO,PINNACLE
2010,JAYCO,PRECEPT
2010,JAYCO,RECON
2010,JAYCO,SELECT
2010,JAYCO,SENECA
2010,JAYCO,TOWABLE TRAILER
2010,JAYCO CAMPING TRAILER,
2010,JAYCO CLASS A MOTORHOME,
2010,JAYCO CLASS C MOTORHOME,
2010,JAYCO FIFTH WHEEL,Available Models
2010,JAYCO FIFTH WHEEL, 
2010,JAYCO FIFTH WHEEL,EAGLE
2010,JAYCO FIFTH WHEEL,EAGLE SUPER LITE
2010,JAYCO TRAVEL TRAILER,Available Models
2010,JAYCO TRAVEL TRAILER, 
2010,JAYCO TRAVEL TRAILER,JAY FEATHER
2010,JAYCO TRAVEL TRAILER,JAY FLIGHT
2010,JEEP,Available Models
2010,JEEP, 
2010,JEEP,COMMANDER
2010,JEEP,COMPASS
2010,JEEP,COMPASS FWD
2010,JEEP,GRAND CHEROKEE
2010,JEEP,LIBERTY
2010,JEEP,PATRIOT
2010,JEEP,PATRIOT 4X4
2010,JEEP,PATRIOT FWD
2010,JEEP,WRANGLER
2010,JERR-DAN,Available Models
2010,JERR-DAN, 
2010,JERR-DAN,50 TON WRECKER
2010,JERR-DAN,STANDARD DUTY WRECKER
2010,JET CO,
2010,JLG,
2010,JOMAC,Available Models
2010,JOMAC, 
2010,JOMAC,FORD F-350
2010,JOMAC,FORD F-450
2010,JOMAC,FORD F-550
2010,JS,
2010,K-Z,Available Models
2010,K-Z, 
2010,K-Z,SPORTSTER
2010,KALMAR,Available Models
2010,KALMAR, 
2010,KALMAR,OTTAWA
2010,KANDI COCO,Available Models
2010,KANDI COCO, 
2010,KANDI COCO,KD08E
2010,KANDI COCO,KD18E
2010,KARAVAN,Available Models
2010,KARAVAN, 
2010,KARAVAN,BP-125
2010,KATV-1880-79-10,
2010,KATV-2700-79-10,
2010,KATV-2990-79-14,
2010,KATV-3750-79-14-2,
2010,KATV-5000-79-17,
2010,KATV-5000-DB8-79-17,
2010,KATV-5000-TEB-79-17,
2010,KAWASAKI,Available Models
2010,KAWASAKI, 
2010,KAWASAKI,CONCOURS 14
2010,KAWASAKI,EX250
2010,KAWASAKI,EX250JAF
2010,KAWASAKI,EX650CAF
2010,KAWASAKI,KLX250
2010,KAWASAKI,NINJA ZX-10R
2010,KAWASAKI,NINJA ZX-6R
2010,KAWASAKI,VN1700
2010,KAWASAKI,VN1700AAF
2010,KAWASAKI,VN1700BAF
2010,KAWASAKI,VN1700CAF
2010,KAWASAKI,VULCAN
2010,KAWASAKI,VULCAN 1700 VOYAGER
2010,KAWASAKI,VULCAN 900
2010,KAWASAKI,ZG1400CAF
2010,KAWASAKI,ZR1000DAF
2010,KB-1250-46PB,
2010,KB-1250-56,
2010,KBE-1250-46,
2010,KBE-1250/900-40,
2010,KBE-1250/900-46,
2010,KBE-900/1250-46,
2010,KBL-1250-56,
2010,KBL-1500-56,
2010,KBT-12000-TDB-79,
2010,KBT-5400-DB-79,
2010,KBT-7400-DB-79,
2010,KCB-1600-60,
2010,KCB-1800-70,
2010,KCB-2200-70-L,
2010,KCB-2200-74,
2010,KCB-2800-DB-82-S-BL,
2010,KCB-3100-DB-82-L-BL,
2010,KCB-3100-DB-82-L-GL,
2010,KCBT-4100-DB-82-L,
2010,KCR-1600-60,
2010,KCR-1800-70,
2010,KCR-2200-70,
2010,KCR-2200-74,
2010,KCR-2400-82,
2010,KCR-3100-DB-82-L-BL,
2010,KCR-3100-DB-82-S,Available Models
2010,KCR-3100-DB-82-S, 
2010,KCR-3100-DB-82-S,600-00850-BL-NAS
2010,KCRT-4100-DB-82-L,
2010,KCRT-4800-DB-82-L,
2010,KCU-2700-60,
2010,KCU-2990-70,
2010,KCU-2990-72,
2010,KD,
2010,KDB-1500-71,
2010,KDP-1415-16,
2010,KDP-1618-17,
2010,KDP-1618-22,
2010,KDP-1820-17,
2010,KDP-1820-22,
2010,KDP-1820-27,
2010,KDP-1820-DB-27,
2010,KDP-2225-25,
2010,KDPT-1820-35,
2010,KDPT-1820-DB-45,
2010,KDPT-1820-TDB-45,
2010,KDPT-1822-TDB-45,
2010,KDPT-2225-39,
2010,KDPT-2225-DB-39,
2010,KDPT-2225-DB-45,
2010,KDPT-2225-DB-50,
2010,KDPT-2225-TDB-39,
2010,KDPT-2225-TDB-45,
2010,KDPT-2225-TDB-50,
2010,KDPT-2225-TDB10-45,
2010,KDPT-2628-TB-50,
2010,KENWORTH,Available Models
2010,KENWORTH, 
2010,KENWORTH,C500
2010,KENWORTH,K270
2010,KENWORTH,K370
2010,KENWORTH,T2000
2010,KENWORTH,T270
2010,KENWORTH,T300
2010,KENWORTH,T370
2010,KENWORTH,T4 SERIES
2010,KENWORTH,T440
2010,KENWORTH,T470
2010,KENWORTH,T600
2010,KENWORTH,T660
2010,KENWORTH,T700
2010,KENWORTH,T800
2010,KENWORTH,W9 SERIES
2010,KENWORTH,W900
2010,KENWORTH,W900S
2010,KEYSTONE,Available Models
2010,KEYSTONE, 
2010,KEYSTONE,ALPINE
2010,KEYSTONE,AVALANCHE
2010,KEYSTONE,BULLET
2010,KEYSTONE,CHALLENGER
2010,KEYSTONE,COUGAR
2010,KEYSTONE,COUGAR HIGH COUNTRY
2010,KEYSTONE,ENERGY
2010,KEYSTONE,EVEREST
2010,KEYSTONE,FUZION
2010,KEYSTONE,HIDEOUT
2010,KEYSTONE,HORNET
2010,KEYSTONE,LAREDO
2010,KEYSTONE,MONTANA
2010,KEYSTONE,MONTANA BIG SKY
2010,KEYSTONE,MONTANA HIGH COUNTRY
2010,KEYSTONE,MONTANA-BIG SKY
2010,KEYSTONE,MONTANA-MOUNTAINEER
2010,KEYSTONE,OUTBACK
2010,KEYSTONE,PASSPORT
2010,KEYSTONE,RAPTOR
2010,KEYSTONE,RESIDENCE
2010,KEYSTONE,RETREAT
2010,KEYSTONE,SPRINGDALE
2010,KEYSTONE,SPRINTER
2010,KEYSTONE,SPRINTER SELECT 25RB
2010,KEYSTONE,VR1
2010,KIA,Available Models
2010,KIA, 
2010,KIA,BORREGO
2010,KIA,FORTE
2010,KIA,FORTE KOUP
2010,KIA,OPTIMA
2010,KIA,RIO
2010,KIA,RONDO
2010,KIA,SEDONA
2010,KIA,SORENTO
2010,KIA,SOUL
2010,KIA,SPORTAGE
2010,KIA MOTOR,
2010,KINGMOR,Available Models
2010,KINGMOR, 
2010,KINGMOR,CESB
2010,KINGMOR,FESB
2010,KINGMOR,RESB
2010,KINGSTON,Available Models
2010,KINGSTON, 
2010,KINGSTON,BEDFORD
2010,KINGSTON,BELVEDERE II
2010,KINGSTON,BRUNSWICK
2010,KINGSTON,CLASSIC ELITE
2010,KINGSTON,DERBY
2010,KINGSTON,ESSEX
2010,KINGSTON,NEWPORT
2010,KINGSTON,T.D.
2010,KINGSTON,WINDSOR
2010,KKB-1600-64-L,
2010,KKB-1800-64,
2010,KKB-1800-70,
2010,KKB-2100-70,
2010,KKB-2100-78,
2010,KKB-2400-78-S,
2010,KKB-2800-78-L,
2010,KKB-3100-78-L,
2010,KKB-3100-DB-78-L,
2010,KKB-3100-DB-78-S,
2010,KKBT-3500-DB10-78-S,
2010,KKBT-3500-DB10-78-XS,
2010,KKBT-4100-DB-78-S,
2010,KKBT-4100-TDB-78-L,
2010,KKBT-4800-DB-78-L,
2010,KKBT-4800-TDB-78-L,
2010,KKBT-5400-DB-78,
2010,KKR-1600-64,
2010,KKR-1800-64,
2010,KKR-1800-70,
2010,KKR-2100-70,
2010,KKR-2100-78,
2010,KKR-2400-78-S,
2010,KKR-3100-78-L,
2010,KKR-3100-DB-78-L,
2010,KKR-3100-DB10-78-S,
2010,KKRT-4100-DB-78-L,
2010,KKRT-4800-DB-78-L,
2010,KL,
2010,KME,Available Models
2010,KME, 
2010,KME,AERIALCAT
2010,KME,ARFF
2010,KME,PANTHER
2010,KME,PANTHER II
2010,KME,PREDATOR
2010,KME,PREDATOR AERIAL
2010,KME,PREDATOR PANTHER
2010,KME,PREDATOR PUMPER
2010,KME,PREDATOR RESCUE
2010,KME,PREDATOR SS
2010,KME,PREDATOR SS AERIAL
2010,KME,PREDATOR XL
2010,KODIAK,Available Models
2010,KODIAK, 
2010,KODIAK,300BHSL
2010,KODIAK,KS-184-105
2010,KOMFORT,Available Models
2010,KOMFORT, 
2010,KOMFORT,256TS
2010,KOMPACT KAMP,Available Models
2010,KOMPACT KAMP, 
2010,KOMPACT KAMP,LI'L CLIPPER
2010,KPS-120,
2010,KPS-122,
2010,KPS-124,
2010,KPS-220,
2010,KPS-222,
2010,KPS-224,
2010,KR-1250-56,
2010,KR-1500-56,
2010,KRE-1250-46,
2010,KRT-11000-TDB-79,
2010,KRT-7400-DB-79,
2010,KRYSTAL,Available Models
2010,KRYSTAL, 
2010,KRYSTAL,SHUTTLE BUS
2010,KS-100-10,
2010,KS-100-8,
2010,KS-50-10,
2010,KS-50-8,
2010,KSL-50-10,
2010,KSL-50-8,
2010,KSU-2000,
2010,KTM,Available Models
2010,KTM, 
2010,KTM,690 ENDURO R
2010,KU-2600-60,
2010,KU-3000-76-12,
2010,KU-3750-76-12,
2010,KU-3750-DB-76-12,
2010,KU-58-S,
2010,KUT-7000-DB10-76-16,
2010,KUT-7000-EB-76-16,
2010,KUT-7000-TDB-76-16,
2010,KUT-7000-TEB-76-16,
2010,KVU-2000-WS,
2010,KZ-RV,
2010,KZRV,Available Models
2010,KZRV, 
2010,KZRV,CLASSIC
2010,KZRV,COYOTE
2010,KZRV,DURANGO
2010,KZRV,ESCALADE
2010,KZRV,ESCALADE SPORTSTER
2010,KZRV,INFERNO
2010,KZRV,INFERNO SST
2010,KZRV,MONTEGO BAY
2010,KZRV,MXT SPORTSTER
2010,KZRV,SPORT
2010,KZRV,SPORT TOTE
2010,KZRV,SPORTSMEN
2010,KZRV,SPORTSTER
2010,KZRV,SPREE
2010,KZRV,STONE RIDGE
2010,KZRV,TOWABLE TRAVEL TRAILER
2010,LACROSSE TOWABLE,
2010,LAKOTA,
2010,LAMBORGHINI,Available Models
2010,LAMBORGHINI, 
2010,LAMBORGHINI,GALLARDO
2010,LAMBORGHINI,GALLARDO SPYDER
2010,LAMBORGHINI,MURCIELAGO
2010,LAMBORGHINI,MURCIELAGO ROADSTER
2010,LAND ROVER,Available Models
2010,LAND ROVER, 
2010,LAND ROVER,LR2
2010,LAND ROVER,LR3
2010,LAND ROVER,LR4
2010,LAND ROVER,RANGE ROVER
2010,LAND ROVER,RANGE ROVER L322
2010,LAND ROVER,RANGE ROVER SPORT
2010,LB-1250-46,
2010,LB-1800-60,
2010,LB-1800-60-16,
2010,LB-1800-64,
2010,LB-1800-64-ST,
2010,LB-1800-DB10-64,
2010,LB-2200-70,
2010,LB-2200-70-17-SF-ST,
2010,LB-2200-70-17-ST,
2010,LB-2200-70-19-ST,
2010,LB-2200-70-19-ST-SF,
2010,LB-2200-74,
2010,LB-2200-DB-74,
2010,LB-2350DB-70-ST,
2010,LB-2600-82-ST,
2010,LB-2600-DB-82-ST,
2010,LB-3050DB-82-ST,
2010,LBCE,Available Models
2010,LBCE, 
2010,LBCE,HTC-3140
2010,LBT-4500-DB10-82-L,
2010,LBT-4500-DB10-82-S,
2010,LEPRECHAUN,
2010,LEXUS,Available Models
2010,LEXUS, 
2010,LEXUS,CT 200H
2010,LEXUS,ES
2010,LEXUS,ES330
2010,LEXUS,ES350
2010,LEXUS,GS
2010,LEXUS,GS 350
2010,LEXUS,GS 450H
2010,LEXUS,GS460
2010,LEXUS,GX
2010,LEXUS,GX460
2010,LEXUS,HS
2010,LEXUS,HS 250 HYBRID
2010,LEXUS,IS
2010,LEXUS,IS 250
2010,LEXUS,IS 250C
2010,LEXUS,IS 300
2010,LEXUS,IS 350
2010,LEXUS,IS 350C
2010,LEXUS,IS F
2010,LEXUS,LFA
2010,LEXUS,LS
2010,LEXUS,LS460
2010,LEXUS,LS460L
2010,LEXUS,LS600H
2010,LEXUS,LS600HL
2010,LEXUS,LX
2010,LEXUS,LX570
2010,LEXUS,RX
2010,LEXUS,RX330
2010,LEXUS,RX350
2010,LEXUS,RX450 HYBRID
2010,LEXUS,RX450H
2010,LEXUS,SC
2010,LEXUS,SC430
2010,LH,
2010,LIBERTY,
2010,"LIBERTY INDUSTRIES, INC.",
2010,LIFTMOORE,
2010,LINCOLN,Available Models
2010,LINCOLN, 
2010,LINCOLN,MKS
2010,LINCOLN,MKT
2010,LINCOLN,MKX
2010,LINCOLN,MKZ
2010,LINCOLN,NAVIGATOR
2010,LINCOLN,TOWN CAR
2010,LINCOLN,ZEPHYR
2010,LITE,
2010,LIVIN LITE,Available Models
2010,LIVIN LITE, 
2010,LIVIN LITE,BEARCAT
2010,LIVIN LITE,CAMPLITE
2010,LIVIN LITE,QUICKSILVER
2010,LIVIN LITE,VRV
2010,LOAD RITE,Available Models
2010,LOAD RITE, 
2010,LOAD RITE,14100060J
2010,LOAD RITE,LR-AWV2335
2010,LOAD RITE,WV2450W
2010,LOADMASTER,Available Models
2010,LOADMASTER, 
2010,LOADMASTER,BOAT TRAILER
2010,LOTUS,Available Models
2010,LOTUS, 
2010,LOTUS,ELISE
2010,LOTUS,EVORA
2010,LOTUS,EXIGE
2010,LPB-1820-27,
2010,LS,
2010,LTPB-1820-35,
2010,LTPB-1820-DB10-35,
2010,LTPB-1820-TDB10-35,
2010,LTPB-2225-35,
2010,LTPB-2225-DB10-35,
2010,MACK,Available Models
2010,MACK, 
2010,MACK,CHU
2010,MACK,CHU613
2010,MACK,CHU614
2010,MACK,CMH
2010,MACK,CMM
2010,MACK,CXU
2010,MACK,CXU612
2010,MACK,CXU613
2010,MACK,CXU613E
2010,MACK,CXU614
2010,MACK,GRANITE (GU)
2010,MACK,GU
2010,MACK,GU713
2010,MACK,GU812E
2010,MACK,GU813
2010,MACK,GU813E
2010,MACK,GU814
2010,MACK,LEU
2010,MACK,LR
2010,MACK,MRU
2010,MACK,TD
2010,MACK,TD713
2010,MACK,TD714
2010,MACK,TERRAPRO (LEU/MRU)
2010,MARATHON,Available Models
2010,MARATHON, 
2010,MARATHON,TOWABLE TRAILER/5TH WHEEL
2010,MASERATI,Available Models
2010,MASERATI, 
2010,MASERATI,GRANTURISMO
2010,MASERATI,QUATTROPORTE
2010,MAVERICK,
2010,MAYBACH,Available Models
2010,MAYBACH, 
2010,MAYBACH,MAY
2010,MAZDA,Available Models
2010,MAZDA, 
2010,MAZDA,B-SERIES
2010,MAZDA,CX-7
2010,MAZDA,CX-9
2010,MAZDA,CX9
2010,MAZDA,MAZDA3
2010,MAZDA,MAZDA5
2010,MAZDA,MAZDA6
2010,MAZDA,MAZDASPEED3
2010,MAZDA,MIATA
2010,MAZDA,MX-5
2010,MAZDA,RX-8
2010,MAZDA,SPEED3
2010,MAZDA,TRIBUTE
2010,MAZDA,TRIBUTE HYBRID
2010,MCI,Available Models
2010,MCI, 
2010,MCI,D4000
2010,MCI,D4000ISTV
2010,MCI,D4005
2010,MCI,D4500
2010,MCI,D4505
2010,MCI,E SERIES
2010,MCI,E4500
2010,MCI,J4500
2010,MCI,J4500C
2010,MCKENZIE,Available Models
2010,MCKENZIE, 
2010,MCKENZIE,ION
2010,MCNEILUS,Available Models
2010,MCNEILUS, 
2010,MCNEILUS,BRIDGEMASTER V MIXER
2010,MCNEILUS,CONTENDER FRONT LOADER
2010,MCNEILUS,FRONT LOADER
2010,MCNEILUS,REAR LOADER
2010,MCNEILUS,ZR
2010,MEDIX,Available Models
2010,MEDIX, 
2010,MEDIX,TYPE II AMBULANCE
2010,MEDTEC,Available Models
2010,MEDTEC, 
2010,MEDTEC,AMBULANCE
2010,MEDTEC,TYPE II (VAN)
2010,MEDTEC,TYPE III (VAN)
2010,MERCEDES BENZ,Available Models
2010,MERCEDES BENZ, 
2010,MERCEDES BENZ,C
2010,MERCEDES BENZ,C300
2010,MERCEDES BENZ,C350
2010,MERCEDES BENZ,C63
2010,MERCEDES BENZ,C63 AMG
2010,MERCEDES BENZ,CL
2010,MERCEDES BENZ,CL550
2010,MERCEDES BENZ,CL600
2010,MERCEDES BENZ,CL63
2010,MERCEDES BENZ,CL65
2010,MERCEDES BENZ,CLK350
2010,MERCEDES BENZ,CLS
2010,MERCEDES BENZ,E
2010,MERCEDES BENZ,E350
2010,MERCEDES BENZ,E550
2010,MERCEDES BENZ,E63
2010,MERCEDES BENZ,G
2010,MERCEDES BENZ,G500
2010,MERCEDES BENZ,G55
2010,MERCEDES BENZ,G550
2010,MERCEDES BENZ,GL
2010,MERCEDES BENZ,GL320
2010,MERCEDES BENZ,GL350
2010,MERCEDES BENZ,GL450
2010,MERCEDES BENZ,GL550
2010,MERCEDES BENZ,GLK350
2010,MERCEDES BENZ,M
2010,MERCEDES BENZ,ML320
2010,MERCEDES BENZ,ML350
2010,MERCEDES BENZ,ML450
2010,MERCEDES BENZ,ML500
2010,MERCEDES BENZ,ML550
2010,MERCEDES BENZ,ML63
2010,MERCEDES BENZ,R
2010,MERCEDES BENZ,R320
2010,MERCEDES BENZ,R350
2010,MERCEDES BENZ,S
2010,MERCEDES BENZ,S400
2010,MERCEDES BENZ,S550
2010,MERCEDES BENZ,S600
2010,MERCEDES BENZ,S63
2010,MERCEDES BENZ,S65
2010,MERCEDES BENZ,SL
2010,MERCEDES BENZ,SLK
2010,MERCEDES BENZ,SPRINTER
2010,MERCEDES BENZ,SPRINTER 2500
2010,MERCEDES BENZ,SPRINTER 3500
2010,MERCEDES-BENZ,Available Models
2010,MERCEDES-BENZ, 
2010,MERCEDES-BENZ,M166
2010,MERCEDES-BENZ,SPRINTER 2500
2010,MERCEDES-BENZ,SPRINTER 3500
2010,MERCEDES-BENZ,SPRINTER 906
2010,MERCURY,Available Models
2010,MERCURY, 
2010,MERCURY,GRAND MARQUIS
2010,MERCURY,MARINER
2010,MERCURY,MARINER HYBRID
2010,MERCURY,MILAN
2010,MERCURY,MILAN HYBRID
2010,MERCURY,MOUNTAINEER
2010,MERHOW,Available Models
2010,MERHOW, 
2010,MERHOW,HORSE TRAIELRS
2010,MERRITT COMMODITY TRAILER,Available Models
2010,MERRITT COMMODITY TRAILER, 
2010,MERRITT COMMODITY TRAILER,38' GRAIN HOPPER
2010,MERTZ,Available Models
2010,MERTZ, 
2010,MERTZ,HALLIBURTON
2010,MFI,Available Models
2010,MFI, 
2010,MFI,BDMR
2010,MFI,BDPY
2010,MFI,BDTU
2010,MFI,CTKR
2010,MFI,CTP3
2010,MFI,CTT3
2010,MFI,CTTU
2010,MFI,TRL 18-20 S
2010,MICRO BIRD,Available Models
2010,MICRO BIRD, 
2010,MICRO BIRD,CT-SERIES
2010,MICRO BIRD,G5
2010,MICRO BIRD,MB II
2010,MICRO BIRD,T-SERIES
2010,MIDWAY,Available Models
2010,MIDWAY, 
2010,MIDWAY,PINNACLE BUS
2010,MILLER,Available Models
2010,MILLER, 
2010,MILLER,HWY-224
2010,MILLER,OFR-224
2010,MINI,Available Models
2010,MINI, 
2010,MINI,COOPER
2010,MINI,COOPER CLUBMAN
2010,MINI,COOPER S
2010,MINI,COOPER S CLUBMAN
2010,MINI,COOPER S CONVERTIBLE
2010,MINI,JCW
2010,MINI,JCW CLUBMAN
2010,MINI,JCW CONVERTIBLE
2010,MIRADA,
2010,MIRAGE,Available Models
2010,MIRAGE, 
2010,MIRAGE,CARGO TRAILERS
2010,MIRAGE-IMAGE,
2010,MITSUBISHI,Available Models
2010,MITSUBISHI, 
2010,MITSUBISHI,> LANCER SPORTBACK RALLIA
2010,MITSUBISHI,ECLIPSE
2010,MITSUBISHI,ECLIPSE SPYDER
2010,MITSUBISHI,ENDEAVOR
2010,MITSUBISHI,GALANT
2010,MITSUBISHI,I-MIEV
2010,MITSUBISHI,LANCER
2010,MITSUBISHI,LANCER EVOLUTION
2010,MITSUBISHI,LANCER RALIART
2010,MITSUBISHI,LANCER RALLIART
2010,MITSUBISHI,LANCER SPORTBACK
2010,MITSUBISHI,LANCER SPORTBACK RALLIART
2010,MITSUBISHI,LANCER SPORTBK
2010,MITSUBISHI,LANCER SPTBKRA
2010,MITSUBISHI,OUTLANDER
2010,MITSUBISHI,RAIDER
2010,MITSUBISHI FUSO,Available Models
2010,MITSUBISHI FUSO, 
2010,MITSUBISHI FUSO,FE83D
2010,MITSUBISHI FUSO,FE84D
2010,MITSUBISHI FUSO,FE85D
2010,MITSUBISHI FUSO,FEC52
2010,MITSUBISHI FUSO,FEC72
2010,MITSUBISHI FUSO,FEC92
2010,MITSUBISHI FUSO,FG84D
2010,MITSUBISHI FUSO,FGB72
2010,MITSUBISHI FUSO,FK61F
2010,MITSUBISHI FUSO,FM657
2010,MOBILE SUITES,Available Models
2010,MOBILE SUITES, 
2010,MOBILE SUITES,MY
2010,MOBILITY CONQUEST,Available Models
2010,MOBILITY CONQUEST, 
2010,MOBILITY CONQUEST,TRIKE
2010,MOBILITY SERVICES,Available Models
2010,MOBILITY SERVICES, 
2010,MOBILITY SERVICES,FORD E-150
2010,MOBILITY SERVICES,FORD E-250
2010,MOBILITY SERVICES,FORD E-350
2010,MOBILITYWORKS,Available Models
2010,MOBILITYWORKS, 
2010,MOBILITYWORKS,FORD E-SERIES
2010,MOLLY TROLLEY,Available Models
2010,MOLLY TROLLEY, 
2010,MOLLY TROLLEY,MOLLY TROLLEY
2010,MONACO,Available Models
2010,MONACO, 
2010,MONACO,CAMELOT
2010,MONACO,DIPLOMAT
2010,MONACO,DYNASTY
2010,MONACO,KNIGHT
2010,MONACO,MONARCH
2010,MONACO,SIGNATURE
2010,MONACO COACH,Available Models
2010,MONACO COACH, 
2010,MONACO COACH,CAMELOT
2010,MONACO COACH,CAYMAN
2010,MONACO COACH,DIPLOMAT
2010,MONACO COACH,DYNASTY
2010,MONACO COACH,EXECUTIVE
2010,MONACO COACH,IMPERIAL
2010,MONACO COACH,KNIGHT
2010,MONACO COACH,SIGNATURE
2010,MONACO RV,Available Models
2010,MONACO RV, 
2010,MONACO RV,ADMIRAL
2010,MONACO RV,ARISTA
2010,MONACO RV,MONARCH
2010,MONACO RV,RIPTIDE
2010,MONROE,Available Models
2010,MONROE, 
2010,MONROE,FORD F-350
2010,MONROE,FORD F-450
2010,MONROE,FORD F-550
2010,MORBARK,Available Models
2010,MORBARK, 
2010,MORBARK,BEEVER
2010,MORGAN,Available Models
2010,MORGAN, 
2010,MORGAN,PENSKE
2010,MORGAN OLSON,Available Models
2010,MORGAN OLSON, 
2010,MORGAN OLSON,WALK IN VAN
2010,MOTO GUZZI,Available Models
2010,MOTO GUZZI, 
2010,MOTO GUZZI,CAL VINTAGE
2010,MOTO GUZZI,STELVIO 1200
2010,MTI,Available Models
2010,MTI, 
2010,MTI,ENCLOSED TRAILER
2010,MTS,Available Models
2010,MTS, 
2010,MTS,PARATRANSIT
2010,MUSTANG,Available Models
2010,MUSTANG, 
2010,MUSTANG,SHELBY GT 500
2010,MV AGUSTA,Available Models
2010,MV AGUSTA, 
2010,MV AGUSTA,F4
2010,NABI,Available Models
2010,NABI, 
2010,NABI,31LFW
2010,NABI,35LFW
2010,NABI,40LFW
2010,NABI,40SF
2010,NABI,416
2010,NABI,42BRT
2010,NABI,45CLFW
2010,NABI,60BRT
2010,NABI,BRT
2010,NABI,CLFW
2010,NABI,LFW
2010,NASH,Available Models
2010,NASH, 
2010,NASH,TRAVEL TRAILER
2010,NATIONAL VAN,Available Models
2010,NATIONAL VAN, 
2010,NATIONAL VAN,FORD E-150
2010,NATIONAL VAN,FORD E-250
2010,NATIONAL VAN,FORD E-350
2010,NEO TRAILERS,Available Models
2010,NEO TRAILERS, 
2010,NEO TRAILERS,NAS
2010,NEO TRAILERS,NAV
2010,NEO TRAILERS,NCV
2010,NEW ENGLAND WHEELS,Available Models
2010,NEW ENGLAND WHEELS, 
2010,NEW ENGLAND WHEELS,FORD E-150
2010,NEW ENGLAND WHEELS,FORD E-250
2010,NEW ENGLAND WHEELS,FORD E-350
2010,NEW FLYER,Available Models
2010,NEW FLYER, 
2010,NEW FLYER,40LFA
2010,NEW FLYER,40SF
2010,NEW FLYER,C35LFR
2010,NEW FLYER,C40LF
2010,NEW FLYER,C40LFR
2010,NEW FLYER,D35LF
2010,NEW FLYER,D35LFR
2010,NEW FLYER,D40LF
2010,NEW FLYER,D40LFA
2010,NEW FLYER,D40LFR
2010,NEW FLYER,D60LFR
2010,NEW FLYER,DE30LFR
2010,NEW FLYER,DE35LF
2010,NEW FLYER,DE35LFR
2010,NEW FLYER,DE40LF
2010,NEW FLYER,DE40LFA
2010,NEW FLYER,DE40LFR
2010,NEW FLYER,DE60LF
2010,NEW FLYER,DE60LFA
2010,NEW FLYER,DE60LFR
2010,NEW FLYER,GE35LFR
2010,NEW FLYER,GE40LF
2010,NEW FLYER,GE40LFR
2010,NEW FLYER,XCELSIOR
2010,NEW FLYER,XD35
2010,NEW FLYER,XD40
2010,NEW FLYER,XDE35
2010,NEW FLYER,XDE40
2010,NEW FLYER,XN60
2010,NEWELL,Available Models
2010,NEWELL, 
2010,NEWELL,MOTOR HOME
2010,NEWMAR,Available Models
2010,NEWMAR, 
2010,NEWMAR,ALL STAR
2010,NEWMAR,BAY STAR
2010,NEWMAR,CANYON STAR
2010,NEWMAR,CANYON STAR CA
2010,NEWMAR,CYPRESS FW
2010,NEWMAR,DUTCH AIRE DP
2010,NEWMAR,DUTCH STAR
2010,NEWMAR,DUTCH STAR DP
2010,NEWMAR,ESSEX
2010,NEWMAR,ESSEX DP
2010,NEWMAR,KING AIRE
2010,NEWMAR,KING AIRE DIESEL PUSHER
2010,NEWMAR,KOUNTRY AIRE FW
2010,NEWMAR,KOUNTRY STAR
2010,NEWMAR,LONDON AIRE
2010,NEWMAR,MOUNTAIN AIRE
2010,NEWMAR,MOUNTAIN AIRE DIESEL PUSH
2010,NEWMAR,MOUNTAIN AIRE DP
2010,NEWMAR,NEW AIRE
2010,NEWMAR,TORREY PINE FW
2010,NEWMAR,VENTANA
2010,NEWMAR,VENTANA DP
2010,NEWMAR,VENTANA LE
2010,NEWMAR,X-AIRE FW
2010,NISSAN,Available Models
2010,NISSAN, 
2010,NISSAN,370Z
2010,NISSAN,ALTIMA
2010,NISSAN,ALTIMA HYBRID
2010,NISSAN,ARMADA
2010,NISSAN,CUBE
2010,NISSAN,FRONTIER
2010,NISSAN,GT-R
2010,NISSAN,LEAF
2010,NISSAN,MAXIMA
2010,NISSAN,MURANO
2010,NISSAN,PATHFINDER
2010,NISSAN,QUEST
2010,NISSAN,ROGUE
2010,NISSAN,SENTRA
2010,NISSAN,TITAN
2010,NISSAN,VERSA
2010,NISSAN,XTERRA
2010,NORTH RIDGE,
2010,NORTHSHORE,
2010,NORTHWEST,Available Models
2010,NORTHWEST, 
2010,NORTHWEST,TRUCK CAMPER
2010,NOVA BUS,Available Models
2010,NOVA BUS, 
2010,NOVA BUS,LFS
2010,NOVA BUS,LFS ARTIC
2010,NOVA BUS,NOVA LFS
2010,NRC,Available Models
2010,NRC, 
2010,NRC,MOTOR HOME
2010,NU WA,Available Models
2010,NU WA, 
2010,NU WA,CHAMPAGNE EDITION
2010,NU WA,DISCOVER AMERICA
2010,NU WA,DISCOVERY SERIES
2010,OPEN RANGE,Available Models
2010,OPEN RANGE, 
2010,OPEN RANGE,JOURNEYER
2010,OPEN RANGE,OPEN RANGE
2010,OPEN RANGE,RESIDENTIAL
2010,OPEN RANGE,ROAMER
2010,OPEN RANGE,ROLLING THUNDER
2010,OPEN RANGE,TRAVEL TRAILER
2010,ORION,Available Models
2010,ORION, 
2010,ORION,ORION VII LI-ION HYBRID
2010,ORION,V
2010,ORION,VII
2010,OSHKOSH,Available Models
2010,OSHKOSH, 
2010,OSHKOSH,H-SERIES SNOW BLOWER
2010,OSHKOSH,S-SERIES
2010,OTTAWA,Available Models
2010,OTTAWA, 
2010,OTTAWA,TERMINAL TRACTOR
2010,PACE AMERICAN,
2010,PACIFIC BOAT,Available Models
2010,PACIFIC BOAT, 
2010,PACIFIC BOAT,ALC22TW4-10
2010,PATHFINDER,
2010,PATRIOT,
2010,PETERBILT,Available Models
2010,PETERBILT, 
2010,PETERBILT,210
2010,PETERBILT,220
2010,PETERBILT,320
2010,PETERBILT,325
2010,PETERBILT,330
2010,PETERBILT,335
2010,PETERBILT,337
2010,PETERBILT,340
2010,PETERBILT,348
2010,PETERBILT,357
2010,PETERBILT,365
2010,PETERBILT,367
2010,PETERBILT,378
2010,PETERBILT,379
2010,PETERBILT,382
2010,PETERBILT,384
2010,PETERBILT,385
2010,PETERBILT,386
2010,PETERBILT,387
2010,PETERBILT,388
2010,PETERBILT,389
2010,PETERBILT,567
2010,PETERBILT,579
2010,PETERBILT,587
2010,PETERSON,Available Models
2010,PETERSON, 
2010,PETERSON,EXCEL LIMITED
2010,PETERSON,EXCEL WILD CARGO
2010,PIAGGIO,Available Models
2010,PIAGGIO, 
2010,PIAGGIO,BV 250
2010,PIAGGIO,BV 300
2010,PIAGGIO,FLY 50
2010,PIAGGIO,GTS 300
2010,PIAGGIO,GTS SUPER 300
2010,PIAGGIO,MP3 250
2010,PIAGGIO,VESPA GTS 250
2010,PIAGGIO,VESPA GTS 300
2010,PIAGGIO,VESPA GTS SUPER 250
2010,PIAGGIO,VESPA GTS SUPER 300
2010,PIAGGIO,VESPA GTV 250
2010,PIAGGIO,VESPA GTV 300
2010,PIAGGIO,VESPA LX50
2010,PIAGGIO,VESPA S50
2010,PIERCE,Available Models
2010,PIERCE, 
2010,PIERCE,ARROW XT
2010,PIERCE,COMMERCIAL
2010,PIERCE,CONTENDER BIG BLOCK
2010,PIERCE,CUSTOM CONTENDER
2010,PIERCE,DASH
2010,PIERCE,DASH CF
2010,PIERCE,ENFORCER
2010,PIERCE,IMPEL
2010,PIERCE,LANCE
2010,PIERCE,PIERCE
2010,PIERCE,QUANTUM
2010,PIERCE,SABER
2010,PIERCE,VELOCITY
2010,PK-2100-60-L-ST,
2010,PK-2100-65-L-ST,
2010,PK-2100-65-S-ST,
2010,PK-2200-65-ST,
2010,PK-2200-78-L-ST,
2010,PK-2200-78-S-ST,
2010,PK-2400-78-XL-ST,
2010,PK-2400-82-ST,
2010,PK-3000-DB10-82-ST,
2010,PKT-5000-DB10-78-L,
2010,PKT-5000-DB10-78-S,
2010,PLATINUM,Available Models
2010,PLATINUM, 
2010,PLATINUM,HORSE TRAILER
2010,PLAY-MOR,Available Models
2010,PLAY-MOR, 
2010,PLAY-MOR,MOTORSPORT
2010,PLAY-MOR,PLAY-MOR
2010,PLAY-MOR,SPORTSTER
2010,PLEASANT VALLEY,Available Models
2010,PLEASANT VALLEY, 
2010,PLEASANT VALLEY,TRAVEL TRAILER
2010,PLEASURE WAY,Available Models
2010,PLEASURE WAY, 
2010,PLEASURE WAY,EXCEL
2010,PLYMOUTH,
2010,POLARIS,Available Models
2010,POLARIS, 
2010,POLARIS,RANGER 800
2010,POLARIS,SPORTSMAN 850XP
2010,PONTIAC,Available Models
2010,PONTIAC, 
2010,PONTIAC,G3
2010,PONTIAC,G5
2010,PONTIAC,G6
2010,PONTIAC,G8
2010,PONTIAC,SOLSTICE
2010,PONTIAC,VIBE
2010,PONTIAC,WAVE
2010,PORSCHE,Available Models
2010,PORSCHE, 
2010,PORSCHE,911 (997)
2010,PORSCHE,911 GT2
2010,PORSCHE,911 GT2 RS
2010,PORSCHE,911 GT3
2010,PORSCHE,911 GT3 RS
2010,PORSCHE,911 TURBO
2010,PORSCHE,911 TURBO S
2010,PORSCHE,BOXSTER (987)
2010,PORSCHE,CAYENNE
2010,PORSCHE,CAYENNE GTS
2010,PORSCHE,CAYENNE S
2010,PORSCHE,CAYENNE S TRANSSYBERIA
2010,PORSCHE,CAYENNE TURBO
2010,PORSCHE,CAYENNE TURBO S
2010,PORSCHE,CAYMAN
2010,PORSCHE,PANAMERA
2010,PORSCHE,PANAMERA 4S
2010,PORSCHE,PANAMERA GTS
2010,PORSCHE,PANAMERA S
2010,PORSCHE,PANAMERA TURBO
2010,PREVOST,Available Models
2010,PREVOST, 
2010,PREVOST,H3
2010,PREVOST,H3 VIP
2010,PREVOST,H3-40
2010,PREVOST,H3-41
2010,PREVOST,H3-45
2010,PREVOST,H3-45 VIP
2010,PREVOST,H3-VIP
2010,PREVOST,MTH XLII-45E
2010,PREVOST,W5
2010,PREVOST,WE
2010,PREVOST,X3
2010,PREVOST,X3-45
2010,PREVOST,X3-45 VIP
2010,PREVOST,X3-45 VIP ENTERTAINER
2010,PREVOST,XL
2010,PREVOST,XL11-45
2010,PREVOST,XL11-45E
2010,PREVOST,XL2
2010,PREVOST,XLII
2010,PREVOST,XLII-45
2010,PREVOST,XLII-45 ENTERTAINER
2010,PRISM,
2010,PROLINE,Available Models
2010,PROLINE, 
2010,PROLINE,TRAVEL TRAILER
2010,QUALITY VAN SALES,Available Models
2010,QUALITY VAN SALES, 
2010,QUALITY VAN SALES,FORD E-SERIES
2010,QUIPNET,
2010,R-VISION,Available Models
2010,R-VISION, 
2010,R-VISION,SUPER SPORT
2010,R-VISION,TRAIL CRUISER CLASSIC
2010,R-VISION,TRAIL CRUISER ULTRA LITE
2010,R-VISION,TRAIL LITE
2010,R-VISION,TRAIL LITE CROSSOVER
2010,R-VISION,TRAIL SPORT
2010,R-VISION,TRAIL-LITE CROSSOVER
2010,RAINIER,
2010,RAM,Available Models
2010,RAM, 
2010,RAM,1500
2010,RAM,2500
2010,RAM,3500
2010,RAM,4500
2010,RAM,5500
2010,RANCH KING,Available Models
2010,RANCH KING, 
2010,RANCH KING,UTILITY
2010,RB-KKB-2400-78-S,
2010,RB-KKBT-4100-DB10-78-L,
2010,RB-KKBT-5400-TDB-78-L,
2010,RB-KKR-2400-78-S,
2010,RB-KKR-2800-78-S,
2010,RB-KKR-3100-DB10-78-S,
2010,RB-KKRT-4800-TDB-78-L,
2010,RB-KRT-5400-TDB-79,
2010,RB-WCE-1250/900-46,
2010,RC,Available Models
2010,RC, 
2010,RC,ENCLOSED TRAILER
2010,REAL-LITE TRUCK CAMPER,
2010,REINKE,Available Models
2010,REINKE, 
2010,REINKE,INTERMODAL EXTEN CHASSIS
2010,RESORT,
2010,RIDE THE DUCKS,Available Models
2010,RIDE THE DUCKS, 
2010,RIDE THE DUCKS,AMPHIBIOUS VEHICLE
2010,RIVERSIDE,Available Models
2010,RIVERSIDE, 
2010,RIVERSIDE,TRAVEL TRAILER
2010,ROAD RESCUE,Available Models
2010,ROAD RESCUE, 
2010,ROAD RESCUE,DURAMEDIC
2010,ROAD RESCUE,METROMEDIC
2010,ROAD RESCUE,PROMEDIC
2010,ROAD RESCUE,SPECIALTY VEHICLE
2010,ROAD RESCUE,TRANSMEDIC
2010,ROAD RESCUE,TYPE III
2010,ROAD RESCUE,ULTRAMEDIC
2010,ROADTREK,Available Models
2010,ROADTREK, 
2010,ROADTREK,17PC
2010,ROADTREK,17VC
2010,ROADTREK,19PC
2010,ROADTREK,19VC
2010,ROADTREK,21PC
2010,ROADTREK,21VC
2010,ROADTREK,SS AGILE
2010,ROCKPORT,
2010,ROCKWOOD,Available Models
2010,ROCKWOOD, 
2010,ROCKWOOD,TRAVEL TRAILER
2010,ROGUE,Available Models
2010,ROGUE, 
2010,ROGUE,S/A TRAILER
2010,ROGUE,T/A TRAILER
2010,ROLLS-ROYCE,Available Models
2010,ROLLS-ROYCE, 
2010,ROLLS-ROYCE,GHOST
2010,ROLLS-ROYCE,PHANTOM
2010,ROUSH,Available Models
2010,ROUSH, 
2010,ROUSH,427R MUSTANG
2010,ROUSH,STAGE 1 MUSTANG
2010,ROUSH,STAGE 2 MUSTANG
2010,RT,
2010,RUFF & TUFF,Available Models
2010,RUFF & TUFF, 
2010,RUFF & TUFF,NEV2
2010,RV,
2010,S&H,Available Models
2010,S&H, 
2010,S&H,PHOENIX
2010,S&H,RANCHER AL
2010,SAAB,Available Models
2010,SAAB, 
2010,SAAB,9-3
2010,SAAB,9-5
2010,SABRE,Available Models
2010,SABRE, 
2010,SABRE,2RT32RKDS
2010,SABRE,31RETS
2010,SAFARI COACH,Available Models
2010,SAFARI COACH, 
2010,SAFARI COACH,CHEETAH
2010,SALEM,Available Models
2010,SALEM, 
2010,SALEM,TRAVEL TRAILER
2010,SATELLITE,Available Models
2010,SATELLITE, 
2010,SATELLITE,S299RB
2010,SATURN,Available Models
2010,SATURN, 
2010,SATURN,ASTRA
2010,SATURN,AURA
2010,SATURN,OUTLOOK
2010,SATURN,SKY
2010,SATURN,VUE
2010,SC-2200-70,
2010,SCION,Available Models
2010,SCION, 
2010,SCION,SCION TC
2010,SCION,SCION XB
2010,SCION,TC
2010,SCION,XA
2010,SCION,XB
2010,SCION,XD
2010,SEAGRAVE,Available Models
2010,SEAGRAVE, 
2010,SEAGRAVE,HEAVY RESCUE BODY
2010,SETRA,Available Models
2010,SETRA, 
2010,SETRA,S 407
2010,SETRA,S417
2010,SG,
2010,SHADOW,Available Models
2010,SHADOW, 
2010,SHADOW,BUMPERPULL
2010,SHADOW,GOOSENECK
2010,SHARP,Available Models
2010,SHARP, 
2010,SHARP,CARGO TRAILER
2010,SHORELAND'R,
2010,SHOWHAULER,Available Models
2010,SHOWHAULER, 
2010,SHOWHAULER,GARAGE COACH
2010,SHOWHAULER,MOTORHOME
2010,SHOWHAULER,TOTER COACH
2010,SHRED-TECH,Available Models
2010,SHRED-TECH, 
2010,SHRED-TECH,MDS-26GTX
2010,SILVER EAGLE,Available Models
2010,SILVER EAGLE, 
2010,SILVER EAGLE,FALCON
2010,SILVER EAGLE,HAWK
2010,SILVER EAGLE,TANDEM
2010,SKYLINE,Available Models
2010,SKYLINE, 
2010,SKYLINE,ALJO
2010,SKYLINE,ALUMASKY
2010,SKYLINE,BOBCAT
2010,SKYLINE,ECOCAMP
2010,SKYLINE,JOEY
2010,SKYLINE,KOALA
2010,SKYLINE,LAYTON
2010,SKYLINE,MALIBU
2010,SKYLINE,MOUNTAINVIEW
2010,SKYLINE,NOMAD
2010,SKYLINE,SKYCAT
2010,SKYLINE,WEEKENDER
2010,SL-1500-52,
2010,SL-1700-70,
2010,SL-2450-74-HD-19-LFB,
2010,SL-2450-74-LFB,
2010,SL-2450-78-HD-19-FB,
2010,SL-2450-78-HD-21-LFB,
2010,SL-3100-DB10-74,
2010,SLT-5000-TDB10-78-LFB,
2010,SLT-5800-TDB-78-LFB,
2010,SLT-5800-TDB10-78-L,
2010,SLT-6800-TDB10-78,
2010,SLT-6800-TDB10-78-LFB,
2010,SLT-8000-TDB12-78,
2010,SMART,Available Models
2010,SMART, 
2010,SMART,FORTWO
2010,SMEAL,Available Models
2010,SMEAL, 
2010,SMEAL,AERIAL
2010,SNOW RIVER,
2010,SOONER,Available Models
2010,SOONER, 
2010,SOONER,TRAVEL TRAILER
2010,SPACE CRAFT,Available Models
2010,SPACE CRAFT, 
2010,SPACE CRAFT,FIFTH WHEEL TRAILER
2010,SPARTAN,Available Models
2010,SPARTAN, 
2010,SPARTAN,ADV
2010,SPARTAN,ADVANTAGE
2010,SPARTAN,APG
2010,SPARTAN,BEY
2010,SPARTAN,BIG EASY
2010,SPARTAN,DIAMOND
2010,SPARTAN,FUR
2010,SPARTAN,FURION
2010,SPARTAN,FURION R/T
2010,SPARTAN,GLADIATOR
2010,SPARTAN,GLC
2010,SPARTAN,GLD
2010,SPARTAN,GLS
2010,SPARTAN,K2
2010,SPARTAN,K3
2010,SPARTAN,METRO STAR
2010,SPARTAN,METROSTAR
2010,SPARTAN,MG
2010,SPARTAN,MM
2010,SPARTAN,MMP 100
2010,SPARTAN,MOUNTAIN STAR
2010,SPARTAN,MTR
2010,SPARTAN,NG
2010,SPARTAN,NVS
2010,SPARTAN,RMP 100
2010,SPARTAN,TDA
2010,SPARTAN,TR-1
2010,SPARTAN ERV,Available Models
2010,SPARTAN ERV, 
2010,SPARTAN ERV,ER K2
2010,SPARTAN ERV,STAR SERIES
2010,SPECIAL FLEET,Available Models
2010,SPECIAL FLEET, 
2010,SPECIAL FLEET,FORD F-350
2010,SPECIAL FLEET,FORD F-450
2010,SPECIAL FLEET,FORD F-550
2010,SPIRIT,
2010,SPIRIT OF AMERICA LIBERTY,
2010,SPORT,
2010,SPRINTER,Available Models
2010,SPRINTER, 
2010,SPRINTER,3500
2010,SR,
2010,SRTC,Available Models
2010,SRTC, 
2010,SRTC,TRAILER
2010,STALLION,
2010,STARCRAFT,Available Models
2010,STARCRAFT, 
2010,STARCRAFT,ALL STAR
2010,STARCRAFT,ALLSTAR
2010,STARCRAFT,ALLSTAR XL
2010,STARCRAFT,AUTUMN RIDGE
2010,STARCRAFT,AUTUMN RIDGE SE
2010,STARCRAFT,CENTENNIAL
2010,STARCRAFT,ELF
2010,STARCRAFT,EMBLEM
2010,STARCRAFT,HOMESTEAD
2010,STARCRAFT,LEXION
2010,STARCRAFT,PRODIGY
2010,STARCRAFT,QUEST
2010,STARCRAFT,ROCK STAR
2010,STARCRAFT,SENATOR II
2010,STARCRAFT,STARCRAFT
2010,STARCRAFT,STARLITE
2010,STARCRAFT,STARQUEST
2010,STARCRAFT,TOWABLE TRAILER
2010,STARCRAFT,TRAVEL STAR
2010,STARCRAFT,TRAVEL STAR EXP
2010,STARCRAFT,TRAVEL STAR SPORT
2010,STARCRAFT,ULTRASTAR
2010,STARCRAFT,XLT
2010,STARCRAFT,XPRESS
2010,STARCRAFT BUS,Available Models
2010,STARCRAFT BUS, 
2010,STARCRAFT BUS,ALLSTAR
2010,STARCRAFT BUS,ALLSTAR XL
2010,STARCRAFT BUS,MVP
2010,STARCRAFT BUS,PRODIGY
2010,STARCRAFT BUS,QUEST
2010,STARCRAFT BUS,QUEST XL
2010,STARCRAFT BUS,STARLITE
2010,STARCRAFT BUS,STARQUEST
2010,STARCRAFT BUS,ULTRASTAR
2010,STARCRAFT BUS,XLT
2010,STARCRAFT BUS,XPRESS
2010,STARTRANS,Available Models
2010,STARTRANS, 
2010,STARTRANS,AZURE HYBRID
2010,STARTRANS,C2
2010,STARTRANS,CANDIDATE
2010,STARTRANS,CANDIDATE II
2010,STARTRANS,CANIDATE
2010,STARTRANS,CANIDATE II
2010,STARTRANS,E-LO
2010,STARTRANS,MFSAB
2010,STARTRANS,PRESIDENT
2010,STARTRANS,PRESIDENT S2
2010,STARTRANS,PS2
2010,STARTRANS,S2
2010,STARTRANS,SENATOR
2010,STARTRANS,SENATOR HD
2010,STARTRANS,SENATOR II
2010,STARTRANS,SENATOR II HD
2010,STARTRANS,SENATOR TOUR LINER
2010,STARTRANS,SENTINEL
2010,STARTRANS,SENTINEL BUS
2010,STARTRANS,TROLLEY
2010,STARTRANS,VANS
2010,STEALTH,Available Models
2010,STEALTH, 
2010,STEALTH,ALUMINUM BLACKHAWK
2010,STEALTH,ALUMINUM DAYTONA
2010,STEALTH,ALUMINUM MOUNTAINEER
2010,STEALTH,ALUMINUM PREDATOR
2010,STEALTH,CFSFCR3716
2010,STEALTH,CFSFSA3516
2010,STEALTH,CFSTFSC2812
2010,STEALTH,STEEL BLACKHAWK
2010,STEALTH,STEEL DAYTONA
2010,STERLING,Available Models
2010,STERLING, 
2010,STERLING,7500
2010,STERLING,8500
2010,STERLING,9500
2010,STERLING,A-LINE
2010,STERLING,ACTERRA
2010,STERLING,L-LINE
2010,STERLING,LT8500
2010,STOUGHTON,Available Models
2010,STOUGHTON, 
2010,STOUGHTON,AHV
2010,STOUGHTON,HOPPER
2010,STOUGHTON,VAN TRAILER
2010,STRICK,Available Models
2010,STRICK, 
2010,STRICK,DRY FREIGHT
2010,STRICK,DRY FREIGHT VAN TRAILER
2010,STRICK,SINGLE AXLE VAN TRAILER
2010,SUBARU,Available Models
2010,SUBARU, 
2010,SUBARU,B9 TRIBECA
2010,SUBARU,FORESTER
2010,SUBARU,IMPREZA
2010,SUBARU,LEGACY
2010,SUBARU,OUTBACK
2010,SUBARU,TRIBECA
2010,SUBARU,WRX
2010,SUBARU,WRX STI
2010,SUPREME,Available Models
2010,SUPREME, 
2010,SUPREME,CANDIDATE II
2010,SUPREME,CLASSIC AMERICAN TROLLEY
2010,SUPREME,INER-CITY
2010,SUPREME,KOLD KING
2010,SUPREME,SERVICE BODY
2010,SUPREME,SIGNATURE VAN
2010,SURGE,
2010,SURVEYOR,Available Models
2010,SURVEYOR, 
2010,SURVEYOR,TRAVEL TRAILER
2010,SUTPHEN,Available Models
2010,SUTPHEN, 
2010,SUTPHEN,90LR REFURB
2010,SUTPHEN,CHASSIS
2010,SUTPHEN,HEAVY RESCUE
2010,SUTPHEN,PUMPER
2010,SUTPHEN,PUMPERS/RESCUE
2010,SUTPHEN,RESCUE
2010,SUTPHEN,S1
2010,SUTPHEN,S2
2010,SUTPHEN,S3
2010,SUTPHEN,S4
2010,SUTPHEN,SA75
2010,SUTPHEN,SAI 110
2010,SUTPHEN,SL75
2010,SUTPHEN,SP 110
2010,SUTPHEN,SP70
2010,SUTPHEN,SP95
2010,SUTPHEN,SPH 100
2010,SUTPHEN,SPI 112
2010,SUZUKI,Available Models
2010,SUZUKI, 
2010,SUZUKI,AN400
2010,SUZUKI,DL1000
2010,SUZUKI,EQUATOR
2010,SUZUKI,GRAND VITARA
2010,SUZUKI,GSX-R1000
2010,SUZUKI,GSX-R600
2010,SUZUKI,GSX-R750
2010,SUZUKI,GSX1300R
2010,SUZUKI,GSX650F
2010,SUZUKI,KAZASHI
2010,SUZUKI,KIZASHI
2010,SUZUKI,SFV650
2010,SUZUKI,SX4
2010,SUZUKI,VL800
2010,SUZUKI,VLR1800
2010,SUZUKI,VZ1500
2010,SUZUKI,VZR1800
2010,SYM,Available Models
2010,SYM, 
2010,SYM,SYMBA
2010,T-REX,Available Models
2010,T-REX, 
2010,T-REX,14
2010,TAKENA,Available Models
2010,TAKENA, 
2010,TAKENA,1860
2010,TAKENA,1865
2010,TAMARACK TRAILS,Available Models
2010,TAMARACK TRAILS, 
2010,TAMARACK TRAILS,TRAVEL TRAILER
2010,TCI,Available Models
2010,TCI, 
2010,TCI,DW6159RLSST
2010,TCI,SC159DSFP600
2010,TEAM SPIRIT,Available Models
2010,TEAM SPIRIT, 
2010,TEAM SPIRIT,TSCDTS
2010,TEAM SPIRIT,TSCFTS
2010,TEAM SPIRIT,TSCGTS
2010,TEAM SPIRIT,TSCPTS
2010,TEAM SPIRIT,TSCR
2010,TEAM SPIRIT,TSCSTS
2010,TEAM SPIRIT,TSDPL
2010,TEAM SPIRIT,TSPL
2010,TEMSA,Available Models
2010,TEMSA, 
2010,TEMSA,TS35
2010,TEMSA,TS35C
2010,TEREX,Available Models
2010,TEREX, 
2010,TEREX,AERIAL DEVICES
2010,TEREX,C5000
2010,TEREX,C6000
2010,TEREX,DIGGER DERRICK
2010,TEREX,GENERAL 80
2010,TEREX,HR
2010,TEREX,HR40
2010,TEREX,HRX
2010,TEREX,L13I
2010,TEREX,LT38
2010,TEREX,LT40
2010,TEREX,LTM40
2010,TEREX,NT29
2010,TEREX,RMX
2010,TEREX,SC
2010,TEREX,T292
2010,TEREX,TC
2010,TEREX,TCP40
2010,TEREX,TCX
2010,TEREX,TL37
2010,TEREX,TM100
2010,TEREX,TM125
2010,TEREX,TPL40
2010,TEREX,XT55
2010,TEREX,XT60
2010,TEREX ENVIRONMENTAL,Available Models
2010,TEREX ENVIRONMENTAL, 
2010,TEREX ENVIRONMENTAL,MODEL 700 WOOD CHIPPER
2010,TEREX ENVIRONMENTAL,MODEL 705 WOOD CHIPPER
2010,TEREX ENVIRONMENTAL,MODEL 710 WOOD CHIPPER
2010,TEREX ENVIRONMENTAL,MODEL 720 WOOD CHIPPER
2010,TEREX ENVIRONMENTAL,MODEL 730 WOOD CHIPPER
2010,TEREX ENVIRONMENTAL,MODEL 750 WOOD CHIPPER
2010,TEREX ENVIRONMENTAL,MODEL 770 WOOD CHIPPER
2010,TEREX ENVIRONMENTAL,MODEL 790 WOOD CHIPPER
2010,TESLA,Available Models
2010,TESLA, 
2010,TESLA,ROADSTER2
2010,TEST,
2010,TEXAS BRAGG,
2010,TH,
2010,THE AUTO MOTO,Available Models
2010,THE AUTO MOTO, 
2010,THE AUTO MOTO,XY150ZK
2010,THOMAS,Available Models
2010,THOMAS, 
2010,THOMAS,SCHOOL BUS
2010,THOMAS BUILT,Available Models
2010,THOMAS BUILT, 
2010,THOMAS BUILT,161TS
2010,THOMAS BUILT,SAF-T-LINER C2
2010,THOMAS BUILT BUSES,Available Models
2010,THOMAS BUILT BUSES, 
2010,THOMAS BUILT BUSES,C2
2010,THOMAS BUILT BUSES,EF
2010,THOMAS BUILT BUSES,FS-65
2010,THOMAS BUILT BUSES,HDX
2010,THOMAS BUILT BUSES,MINOTOUR
2010,THOMAS BUILT BUSES,MVP-EF
2010,THOMAS BUILT BUSES,SAF-T-LINER C2
2010,THOMAS BUILT BUSES,SAF-T-LINER EF
2010,THOMAS BUILT BUSES,SAF-T-LINER EFX
2010,THOMAS BUILT BUSES,SAF-T-LINER ER
2010,THOMAS BUILT BUSES,SAF-T-LINER FS65
2010,THOMAS BUILT BUSES,SAF-T-LINER HDX
2010,THOMAS BUILT BUSES,SAF-T-LINER MVP-EF
2010,THOMAS BUILT BUSES,SAF-T-LINER MVP-ER
2010,THOMAS BUILT BUSES,TL-960
2010,THOMAS BUILT BUSES,VISTA
2010,THOMAS CHASSIS,
2010,THOR,Available Models
2010,THOR, 
2010,THOR,CHALLENGER
2010,THOR,CHALLENGER PLATINUM
2010,THOR,CHATEAU
2010,THOR,CHATEAU CITATION
2010,THOR,DAYBREAK
2010,THOR,DAYBREAK CLASSIC SPORT
2010,THOR,DAYBREAK SPORT
2010,THOR,DUTCHMEN
2010,THOR,DUTCHMEN DORADO
2010,THOR,FOUR WINDS
2010,THOR,FOUR WINDS SIESTA
2010,THOR,FREEDOM ELITE
2010,THOR,HURRICANE
2010,THOR,HURRICANE 32A
2010,THOR,HURRICANE 34U
2010,THOR,MAGELLAN
2010,THOR,MAJESTIC
2010,THOR,MANDALAY
2010,THOR,OUTLAW
2010,THOR,SERRANO
2010,THOR,WINDSPORT
2010,THOR,WINDSPORT 32A
2010,THOR,WINDSPORT 34U
2010,THOR MOTOR COACH,Available Models
2010,THOR MOTOR COACH, 
2010,THOR MOTOR COACH,ASTORIA
2010,THOR MOTOR COACH,AVANTI
2010,THOR MOTOR COACH,MONTECITO
2010,THOR MOTOR COACH,TUSCANY
2010,THOR MOTOR COACH,VENTURA
2010,THREE FEATHERS,Available Models
2010,THREE FEATHERS, 
2010,THREE FEATHERS,5TH WHEEL CARGO HAULER
2010,THREE FEATHERS,BACKPACKER
2010,THREE FEATHERS,BUCKBOARD CARGO HAULER
2010,THREE FEATHERS,CUSTOM CAMPER
2010,THREE FEATHERS,MULE CARGO HAULER
2010,THREE FEATHERS,PELICAN CARGO HAULER
2010,THREE FEATHERS,PINECONE TEAR DROP TRLR
2010,TIFFANY,Available Models
2010,TIFFANY, 
2010,TIFFANY,COACH
2010,TIFFANY,LIMO
2010,TIFFANY,SHUTTLE BUS
2010,TIFFIN,Available Models
2010,TIFFIN, 
2010,TIFFIN,ALLEGRO
2010,TIFFIN,ALLEGRO BAY
2010,TIFFIN,ALLEGRO BREEZE
2010,TIFFIN,ALLEGRO BUS
2010,TIFFIN,ALLEGRO RED
2010,TIFFIN,BAY
2010,TIFFIN,BREEZE
2010,TIFFIN,BUS
2010,TIFFIN,PHAETON
2010,TIFFIN,ZEPHYR
2010,TIGER,Available Models
2010,TIGER, 
2010,TIGER,MOTORHOMES
2010,TIMBER RIDGE,Available Models
2010,TIMBER RIDGE, 
2010,TIMBER RIDGE,TRAVEL TRAILER
2010,TIMPTE,Available Models
2010,TIMPTE, 
2010,TIMPTE,TDC
2010,TIMPTE,TDH
2010,TIMPTE,TDY
2010,TIOGA RANGER BRAND,
2010,TOMBERLIN,Available Models
2010,TOMBERLIN, 
2010,TOMBERLIN,E2 LE
2010,TOP BRAND,
2010,TOP HAT,
2010,TOPO,
2010,TOWMASTER,
2010,TOYOTA,Available Models
2010,TOYOTA, 
2010,TOYOTA,4RUNNER
2010,TOYOTA,AVALON
2010,TOYOTA,CAMRY
2010,TOYOTA,CAMRY HYBRID
2010,TOYOTA,CAMRY SOLARA
2010,TOYOTA,COROLLA
2010,TOYOTA,COROLLA MATRIX
2010,TOYOTA,FCHV-ADV
2010,TOYOTA,FJ CRUISER
2010,TOYOTA,HIGHLANDER
2010,TOYOTA,HIGHLANDER HYBRID
2010,TOYOTA,LAND CRUISER
2010,TOYOTA,MATRIX
2010,TOYOTA,PRIUS
2010,TOYOTA,PRIUS PLUG-IN HYBRID
2010,TOYOTA,RAV4
2010,TOYOTA,SEQUOIA
2010,TOYOTA,SIENNA
2010,TOYOTA,TACOMA
2010,TOYOTA,TUNDRA
2010,TOYOTA,VENZA
2010,TOYOTA,YARIS
2010,TRACKER MARINE,Available Models
2010,TRACKER MARINE, 
2010,TRACKER MARINE,MAKO 18 LTS
2010,TRAILBLAZER,
2010,TRAILERS,
2010,TRAILEX,Available Models
2010,TRAILEX, 
2010,TRAILEX,CTE-80180
2010,TRAILEX,CTE-80210 HD
2010,TRAILMANOR,Available Models
2010,TRAILMANOR, 
2010,TRAILMANOR,TRAVEL TRAILER
2010,TRAILS WEST,Available Models
2010,TRAILS WEST, 
2010,TRAILS WEST,RPM
2010,TRAILS WEST,SIERRA
2010,TRANS TECH,Available Models
2010,TRANS TECH, 
2010,TRANS TECH,DW4+9139
2010,TRANS TECH,DW5+9159
2010,TRANS TECH,DW5+9159FRL
2010,TRANS TECH,DW5+9195
2010,TRANS TECH,DW5139
2010,TRANS TECH,DW5139FRL
2010,TRANS TECH,DW5159FRL
2010,TRANS TECH,DW5193FRL
2010,TRANS TECH,DW6158FRL
2010,TRANS TECH,DW6159
2010,TRANS TECH,DW6159-SST
2010,TRANS TECH,DW6159FRL
2010,TRANS TECH,DW7+9195
2010,TRANS TECH,DW8195FRL
2010,TRANS TECH,ROADSTAR
2010,TRANS TECH,SST 30 PAK
2010,TRANS TECH,ST3 DEMO
2010,TRANS TECH,ST4
2010,TRANS TECH,ST4-139
2010,TRANS TECH,ST5
2010,TRANS TECH,STH4
2010,TRANS TECH,STH4+9
2010,TRANS TECH,STH4+9139
2010,TRANS TECH,STH4WC
2010,TRANS TECH,STH5FRL
2010,TRANS TECH,STH5RL
2010,TRANS TECH,STUDENT SAFETY TRANSPORT
2010,TRANS TECH,STUDENT TRANSPORTER AERO
2010,TRANS TECH BUS,Available Models
2010,TRANS TECH BUS, 
2010,TRANS TECH BUS,ROADSTER
2010,TRANS TECH BUS,ST AERO
2010,TRANS TECH BUS,STUDENT SAFETY TRANSPORT
2010,TRANSCRAFT,Available Models
2010,TRANSCRAFT, 
2010,TRANSCRAFT,PLATFORM
2010,TRANSIT VEHICLE,Available Models
2010,TRANSIT VEHICLE, 
2010,TRANSIT VEHICLE,C40LF
2010,TRANSIT VEHICLE,D35LFR
2010,TRANSIT VEHICLE,D40LF
2010,TRANSIT VEHICLE,DE35LF
2010,TRANSIT VEHICLE,DE40LFA
2010,TRANSIT VEHICLE,DE40LFR
2010,TRANSIT VEHICLE,DE60LFR
2010,TREMCAR,Available Models
2010,TREMCAR, 
2010,TREMCAR,2800FT3 DRY BULK QUAD
2010,TREMCAR,406 B-TRAIN PUP
2010,TRIPLE E,Available Models
2010,TRIPLE E, 
2010,TRIPLE E,LIBERO
2010,TRIPLE E,SERENITY
2010,TRIPLE E,UNITY
2010,TRIPLE E RV,Available Models
2010,TRIPLE E RV, 
2010,TRIPLE E RV,COMMANDER
2010,TRIPLE E RV,EMPRESS
2010,TRIPLE E RV,FREE FLIGHT
2010,TRIPLE E RV,FREE SPIRIT
2010,TRIPLE E RV,REGAL
2010,TRIPLE E RV,REGENCY
2010,TRIPLE E RV,REGENCY GT
2010,TRIPLE E RV,SENATOR
2010,TRIPLE E RV,SIGNATURE
2010,TRIPLE E RV,TOPAZ
2010,TRIUMPH,Available Models
2010,TRIUMPH, 
2010,TRIUMPH,BONNEVILLE
2010,TRIUMPH,BONNEVILLE AMERICA
2010,TRIUMPH,BONNEVILLE BLACK ENGINE
2010,TRIUMPH,BONNEVILLE T100
2010,TRIUMPH,DAYTONA 675 A1
2010,TRIUMPH,ROCKET III ROADSTER ABS A
2010,TRIUMPH,ROCKET III TOURING
2010,TRIUMPH,SCRAMBLER
2010,TRIUMPH,SPEED TRIPLE 1050CCM
2010,TRIUMPH,SPEEDMASTER
2010,TRIUMPH,SPRINT GT
2010,TRIUMPH,SPRINT ST
2010,TRIUMPH,SPRINT ST 1050CCM
2010,TRIUMPH,SPRINT ST ABS
2010,TRIUMPH,STREET TRIPLE 675
2010,TRIUMPH,THRUXTON
2010,TRIUMPH,THUNDERBIRD
2010,TRIUMPH,THUNDERBIRD A1
2010,TRIUMPH,THUNDERBIRD ABS A1
2010,TRIUMPH,TIGER 1050 ABS SE
2010,TRIUMPH,TIGER 1050 CCM
2010,TRIUMPH,TIGER 1050 CCM ABS
2010,TRIUMPH,TRIUMPH
2010,TRIUMPH,XJ
2010,TRV,Available Models
2010,TRV, 
2010,TRV,400
2010,TS,
2010,TS-KDP-1820-22,
2010,TS-WC-2450-84,
2010,TS-WCE-1250-46,
2010,TURTLE TOP,Available Models
2010,TURTLE TOP, 
2010,TURTLE TOP,FORD LIMO COACH
2010,TURTLE TOP,FORD ODYSSEY
2010,TURTLE TOP,FORD VAN TERRA
2010,TURTLE TOP,ODYSSEY
2010,TURTLE TOP,ODYSSEY XL
2010,TURTLE TOP,ODYSSEY XL MPV
2010,TURTLE TOP,TERRA TRANSPORT
2010,TUSCANY,Available Models
2010,TUSCANY, 
2010,TUSCANY,4078
2010,TUSCANY,TUSCANY
2010,TY,
2010,UD,Available Models
2010,UD, 
2010,UD,UD3300
2010,ULTRA-101-10,
2010,ULTRA-101-10-R,
2010,ULTRA-101-10-VR,
2010,ULTRA-101-10-WB,
2010,ULTRA-101-12-VR,
2010,ULTRA-101-12-WB,
2010,ULTRA-101-14-1-VR,
2010,ULTRA-101-14-2-VR,
2010,ULTRA-101-EB-22-2-VR,
2010,ULTRA-101-SB-22-2-VR,
2010,ULTRA-101-TB-22-2-VR,
2010,UNITED,Available Models
2010,UNITED, 
2010,UNITED,MOTOR HOMES
2010,UNITED,U-58SA30
2010,UNITED,U-58SA35
2010,UNITED,U-6 8SA30
2010,UNITED,U-6 8SA35
2010,UNITED,U-610SA30
2010,UNITED,U-610SA35
2010,UNITED,U-610SA52
2010,UNITED,U-610TA35
2010,UNITED,U-610TA52
2010,UNITED,U-612SA30
2010,UNITED,UXTV-8.521TA52
2010,UNITED,UXTV-8.521TA60
2010,UNITED,UXTV-8.523TA35
2010,UNITED,UXTV-8.523TA52
2010,UNITED,UXTV-8.523TA70
2010,UNITED,UXTV-8.525TA52
2010,UNITED,UXTV-8.525TA60
2010,UNITED,UXTV-8.527TA52
2010,UNITED,UXTV-8.527TA60
2010,UNITED,UXTV-8.529TA60
2010,UNITED,UXTV-8.531TA70
2010,UNITED,UXTV-8.533TA70
2010,UNITED,UXTV-8.539TR60
2010,UNITED,UXTV-817TA35
2010,UNITED,UXTV-819TA52
2010,UNITED,UXVGN-724TA52-8.5
2010,UNITED,UXVGN-8.524TA52
2010,UNITED,UXVGN-8.536TA70
2010,UNITED,UXVGN-8.540TA70
2010,UNITED,UXVGN-8.540TR70
2010,UNITED,UXVGN-8.544TR70
2010,UNITED,UXVGN-822TA60
2010,UNITED,UXW-8.521TA35
2010,UNITED,UXW-8.525TA52
2010,UNITED,UXW-8.527TA52
2010,UNITED,UXW-8.527TA60
2010,UNITED,UXW-8.527TR70
2010,UNITED,UXW-823TA49
2010,UNITED,XLT-8.520TA35-S
2010,UNITED,XLT-8.520TA35-T
2010,UNITED,XLT-8.520TA50-S
2010,UNITED,XLT-8.524TA50-S
2010,UNITED,XLT-8.524TA52-T
2010,UNITED,XLT-8.528TA52-T
2010,UNITED,XLTV-8.523TA35-S
2010,UNITED,XLTV-8.525TA50-S
2010,UNITED,XLTV-8.525TA52-T
2010,UNITED,XLTV-8.527TA50-S
2010,UNITED,XLTV-8.527TA52-T
2010,UNITED,XVEH-510SA30-T
2010,UNITED,XVEH-510SA35-T
2010,UNITED,XVEH-512SA30-S
2010,UNITED,XVEH-58SA30-S
2010,UNITED,XVEH-58SA30-T
2010,UNITED,XVEH-610SA30-S
2010,UNITED,XVEH-610SA30-T
2010,UNITED,XVEH-612SA30-S
2010,UNITED,XVEH-614SA30-S
2010,US CARGO,Available Models
2010,US CARGO, 
2010,US CARGO,CARGO TRAILER
2010,US-2450-74-ST-AW,
2010,US-2450-74-ST-GL,
2010,US-4100-SSB-78-ST-AW,
2010,US-4100-SSB-78-ST-GL,
2010,USM-2200-74-ST-AW,
2010,USM-2200-74-ST-GL,
2010,USM-2450-74-ST-AW,
2010,USM-2450-74-ST-GL,
2010,USM-3100-DB10-74-ST-AW,
2010,USM-3100-DB10-74-ST-GL,
2010,USM-4100-DB12-78-ST-AW,
2010,UTEC,Available Models
2010,UTEC, 
2010,UTEC,UTLI41A
2010,UTILIMASTER,Available Models
2010,UTILIMASTER, 
2010,UTILIMASTER,AEROMASTER
2010,UTILIMASTER,MT55
2010,UTILIMASTER,WALK-IN VAN
2010,UTILMASTER,Available Models
2010,UTILMASTER, 
2010,UTILMASTER,TRUCK BODY
2010,VACTOR,Available Models
2010,VACTOR, 
2010,VACTOR,2103
2010,VACTOR,HXX
2010,VACTOR,JETTER-F
2010,VACTOR,JETTER-V
2010,VAN HOOL,Available Models
2010,VAN HOOL, 
2010,VAN HOOL,A300L
2010,VAN HOOL,C2045
2010,VAN HOOL,C3045
2010,VAN HOOL,CX35
2010,VAN HOOL,CX45
2010,VAN HOOL,T2140
2010,VAN HOOL,T2145
2010,VAN HOOL,TD925
2010,VAN HOOL,TX40
2010,VAN HOOL,TX45
2010,VAN-CON,Available Models
2010,VAN-CON, 
2010,VAN-CON,DUAL REAR WHEEL
2010,VERMEER,Available Models
2010,VERMEER, 
2010,VERMEER,BC1000XL
2010,VERMEER,BC1200XL
2010,VERMEER,BC1500
2010,VERMEER,BC1800XL
2010,VERMEER,BC600XL
2010,VERMEER,R9X12T
2010,VERMEER,SC602
2010,VERMEER,SC802
2010,VICTORY,Available Models
2010,VICTORY, 
2010,VICTORY,CROSS COUNTRY
2010,VICTORY,CROSS COUNTRY TOUR
2010,VICTORY,CROSS ROADS
2010,VICTORY,HAMMER
2010,VICTORY,HARDBALL
2010,VICTORY,JACKPOT
2010,VICTORY,KINGPIN
2010,VICTORY,MAGNUM
2010,VICTORY,NESS VISION
2010,VICTORY,VEGAS
2010,VICTORY,VISION
2010,VICTORY,VISION EIGHT BALL
2010,VINTAGE,Available Models
2010,VINTAGE, 
2010,VINTAGE,AERO
2010,VINTAGE,BANDIT
2010,VINTAGE,CARGO
2010,VINTAGE,CRYSTAL
2010,VINTAGE,INTIMIDATOR
2010,VINTAGE,OUTLAW
2010,VIP/PT,
2010,VN,
2010,VOLKSWAGEN,Available Models
2010,VOLKSWAGEN, 
2010,VOLKSWAGEN,BEETLE
2010,VOLKSWAGEN,CABRIO
2010,VOLKSWAGEN,CC
2010,VOLKSWAGEN,EOS
2010,VOLKSWAGEN,GOLF
2010,VOLKSWAGEN,GOLF WAGON
2010,VOLKSWAGEN,GTI
2010,VOLKSWAGEN,JETTA
2010,VOLKSWAGEN,JETTA SPORTWAGEN
2010,VOLKSWAGEN,NEW BEETLE CONVERTIBLE
2010,VOLKSWAGEN,PASSAT
2010,VOLKSWAGEN,PASSAT WAGON
2010,VOLKSWAGEN,R32
2010,VOLKSWAGEN,RABBIT
2010,VOLKSWAGEN,ROUTAN
2010,VOLKSWAGEN,TIGUAN
2010,VOLKSWAGEN,TOUAREG
2010,VOLVO,Available Models
2010,VOLVO, 
2010,VOLVO,780
2010,VOLVO,C30
2010,VOLVO,C70
2010,VOLVO,C70N
2010,VOLVO,S40
2010,VOLVO,S40N
2010,VOLVO,S60
2010,VOLVO,S80
2010,VOLVO,V50
2010,VOLVO,V70
2010,VOLVO,VAH
2010,VOLVO,VH
2010,VOLVO,VHD
2010,VOLVO,VN
2010,VOLVO,VNL
2010,VOLVO,VNM
2010,VOLVO,VT
2010,VOLVO,XC60
2010,VOLVO,XC70
2010,VOLVO,XC90
2010,VOLVO BUS,Available Models
2010,VOLVO BUS, 
2010,VOLVO BUS,9700
2010,WABASH,Available Models
2010,WABASH, 
2010,WABASH,VAN
2010,WC-2200-84,
2010,WC-2450-84,
2010,WCA-1500-52,
2010,WCE-1250-46,
2010,WCE-1250-46-L,
2010,WCE-1250/900-46,
2010,WCE-1500-46,
2010,WCE-1500-56,
2010,WCE-900-46,
2010,WEILER,Available Models
2010,WEILER, 
2010,WEILER,B2
2010,WEILER,B3
2010,WEILER,B5
2010,WEILER,F1
2010,WEILER,F3
2010,WEILER,F5
2010,WEILER,M100
2010,WEILER,M200
2010,WEILER,WT4000
2010,WELLS CARGO,Available Models
2010,WELLS CARGO, 
2010,WELLS CARGO,CARGO TRAILER
2010,WESCO,
2010,WESTERN STAR,Available Models
2010,WESTERN STAR, 
2010,WESTERN STAR,4700
2010,WESTERN STAR,4800
2010,WESTERN STAR,4900
2010,WESTERN STAR,4900 SA
2010,WESTERN STAR,5700
2010,WESTERN STAR,5900
2010,WESTERN STAR,6900
2010,WESTERN STAR,CONSTELLATION
2010,WESTERN TRAILER,Available Models
2010,WESTERN TRAILER, 
2010,WESTERN TRAILER,OTHER
2010,WESTMOR,Available Models
2010,WESTMOR, 
2010,WESTMOR,TRAILER
2010,WHEEGO,Available Models
2010,WHEEGO, 
2010,WHEEGO,WHIP LSV
2010,WHEELED COACH,Available Models
2010,WHEELED COACH, 
2010,WHEELED COACH,AMBULANCE-M2 CHASSIS
2010,WHEELED COACH,E-350 VAN
2010,WHEELED COACH,EMERGENCY VEHICLE TYPE II
2010,WHEELED COACH,TYPE III
2010,WILSON,Available Models
2010,WILSON, 
2010,WILSON,GRAIN TRAILER
2010,WILSON,LIVESTOCK TRAILER
2010,WIND RIVER,Available Models
2010,WIND RIVER, 
2010,WIND RIVER,TRAVEL TRAILER
2010,WINDSPORT,Available Models
2010,WINDSPORT, 
2010,WINDSPORT,29A
2010,WINDSPORT,32A
2010,WINNEBAGO,Available Models
2010,WINNEBAGO, 
2010,WINNEBAGO,ACCESS
2010,WINNEBAGO,ACCESS PREMIER
2010,WINNEBAGO,ADVENTURER
2010,WINNEBAGO,BRAVE
2010,WINNEBAGO,CHALET
2010,WINNEBAGO,CHIEFTAIN
2010,WINNEBAGO,ERA
2010,WINNEBAGO,ERA LIMITED
2010,WINNEBAGO,J38S
2010,WINNEBAGO,JOURNEY
2010,WINNEBAGO,JOURNEY DL
2010,WINNEBAGO,LUXOR
2010,WINNEBAGO,OUTLOOK
2010,WINNEBAGO,SIGHTSEER
2010,WINNEBAGO,SIGHTSEER D33C
2010,WINNEBAGO,TOUR
2010,WINNEBAGO,ULTIMATE ADVANTAGE
2010,WINNEBAGO,ULTIMATE FREEDOM
2010,WINNEBAGO,VECTRA
2010,WINNEBAGO,VECTRA GRAND TOUR
2010,WINNEBAGO,VIA
2010,WINNEBAGO,VIEW
2010,WINNEBAGO,VIEW PROFILE
2010,WINNEBAGO,VISTA
2010,WINNEBAGO,VISTA E30W
2010,WINNEBAGO,WFE30W
2010,WINNEBAGO,WFJ38S
2010,WINTER CREEK,
2010,WOLF CREEK,
2010,WORKHORSE,Available Models
2010,WORKHORSE, 
2010,WORKHORSE,38S
2010,WORKHORSE,W42
2010,WORKHORSE,W62
2010,WYOMING,
2010,WYOMING SUMMIT,
2010,YAMAHA,Available Models
2010,YAMAHA, 
2010,YAMAHA,FJR13
2010,YAMAHA,FZS10
2010,YAMAHA,FZS6
2010,YAMAHA,ROAD STAR
2010,YAMAHA,TW200
2010,YAMAHA,VMX17
2010,YAMAHA,WR250R
2010,YAMAHA,WR250X
2010,YAMAHA,XC50
2010,YAMAHA,XF50
2010,YAMAHA,XP500
2010,YAMAHA,XT250
2010,YAMAHA,XV17
2010,YAMAHA,XV19
2010,YAMAHA,XV1900
2010,YAMAHA,XV250
2010,YAMAHA,XV950
2010,YAMAHA,XVS13
2010,YAMAHA,XVS65
2010,YAMAHA,XVS650
2010,YAMAHA,XVS95/CT
2010,YAMAHA,XVS950
2010,YAMAHA,XVZ13TF
2010,YAMAHA,YP400
2010,YAMAHA,YW125
2010,YAMAHA,YW50
2010,YAMAHA,YZF-R6
2010,YAMAHA,YZFR1
2010,YAMAHA,YZFR6
2010,ZERO,Available Models
2010,ZERO, 
2010,ZERO,ZERO DS
2010,ZERO,ZERO S
