Year,Make
2015,Available Makes
2015, 
2015,4-STAR
2015,ACURA
2015,ADKINS
2015,ADVANCE ENGINEERED
2015,AEV
2015,AIRSTREAM
2015,ALFA
2015,ALLEGRO
2015,ALTEC
2015,ALUMA
2015,ALUMA KLM
2015,AMERICAN COACH
2015,AMERITRANS
2015,APRILIA
2015,ARBOC
2015,ASTON MARTIN
2015,AUDI
2015,AUTO TRUCK
2015,AUTOCAR
2015,AVION
2015,BARRETT
2015,BENTLEY
2015,BIG TEX
2015,BISON
2015,BLUE BIRD
2015,BLUECAR
2015,BMW
2015,BRAUN
2015,BRENNER
2015,BUICK
2015,BYD
2015,C&B QUALITY TRAILER WORKS
2015,C&M
2015,CADILLAC
2015,CAMBLI
2015,CAMPAGNA
2015,CAN-AM
2015,CAPACITY
2015,CARADO
2015,CARGO EXPRESS
2015,CARGO MATE
2015,CARRY-ON
2015,CATERPILLAR
2015,CEDAR CREEK
2015,CHAMPION
2015,CHAMPION SIDECAR
2015,CHANGZHOU NANXIASHU
2015,CHARLES MACHINE
2015,CHARMAC
2015,CHEETAH
2015,CHEVROLET
2015,CHRYSLER
2015,COACH AND EQUIPMENT
2015,COACH HOUSE
2015,COACHMEN
2015,COLLINS
2015,COLUMBIA
2015,CON-TECH
2015,CONTINENTAL CARGO
2015,CRANE
2015,CROSSROADS
2015,CRUISER RV
2015,CSC
2015,CSI
2015,CUMMINS POWER GENERATION
2015,CUSTOM TRUCK
2015,DEJANA
2015,DITCH WITCH
2015,DODGE
2015,DODGEN
2015,DOEPKER
2015,DRV
2015,DUCATI
2015,DUMP TRAILER
2015,DURUXX
2015,DUTCHMEN
2015,DYNAMAX
2015,E-ONE
2015,E-RIDE
2015,EAST
2015,EAST MANUFACTURING
2015,EBB
2015,EFFER
2015,ELDORADO
2015,ELDORADO MOBILITY
2015,ELGIN
2015,ELKHART
2015,ELPERS
2015,ENTEGRA
2015,EVERGREEN
2015,EZ LOADER
2015,FCA
2015,FCCC
2015,FERRARA
2015,FERRARI
2015,FIAT
2015,FLEETWOOD
2015,FONTAINE
2015,FORD
2015,FOREST RIVER
2015,FORETRAVEL
2015,FR3
2015,FRANKLIN
2015,FREIGHTLINER
2015,FREIGHTLINER CUSTOM CHASS
2015,GARDEN STATE
2015,GEM
2015,GENIE
2015,GEORGETOWN
2015,GILLIG
2015,GLAVAL BUS
2015,GLAVAL TITAL II LF
2015,GLAVAL TITAN II LF
2015,GM
2015,GMC
2015,GOSHEN
2015,GRAND DESIGN
2015,GREAT DANE
2015,GREAT LAKES
2015,GRECH
2015,GULF STREAM
2015,GUZZLER
2015,H&H
2015,HACKNEY
2015,HARLEY-DAVIDSON
2015,HAUL MASTER
2015,HAULMARK
2015,HEARTLAND
2015,HEIL
2015,HIGHLAND RIDGE
2015,HINO
2015,HME
2015,HOLIDAY RAMBLER
2015,HONDA
2015,HORTON AMBULANCE
2015,HUSQVARNA
2015,HUTCHINSON
2015,HYMER
2015,HYOSUNG
2015,HYUNDAI
2015,HYUNDAI TRANSLEAD
2015,IC
2015,IC BUS
2015,IMT
2015,INDIAN
2015,INFINITI
2015,INTERNATIONAL
2015,ISUZU
2015,ITASCA
2015,ITASCO
2015,JAGUAR
2015,JAYCO
2015,JEEP
2015,JERR-DAN
2015,JOHNSTON
2015,JUMPING JACK
2015,KALMAR
2015,KAUFMAN
2015,KAWASAKI
2015,KENWORTH
2015,KEYSTONE
2015,KIA
2015,KIDRON
2015,KME
2015,KOMPACT KAMP
2015,KRYSTAL
2015,KTM
2015,KYMCO
2015,KZ-RV
2015,KZRV
2015,LAMBORGHINI
2015,LANCE
2015,LAND ROVER
2015,LARK
2015,LAZY DAZE
2015,LEGACY EQUIPMENT
2015,LEXUS
2015,LINCOLN
2015,LIVIN LITE
2015,LOAD TRAIL
2015,LODI
2015,LOGAN COACH
2015,LOOK
2015,LOTUS
2015,MACK
2015,MAHINDRA
2015,MANAC
2015,MASERATI
2015,MASTER CRAFT
2015,MASTERCRAFT
2015,MAZDA
2015,MCELRATH TRAILERS
2015,MCI
2015,MCLAREN
2015,MCNEILUS
2015,MERCEDES BENZ
2015,MERCEDES-BENZ
2015,MICRO BIRD
2015,MIDWEST FIRE
2015,MINI
2015,MITSUBISHI
2015,MITSUBISHI FUSO
2015,MOBILITY VENTURES
2015,MONACO
2015,MONROE
2015,MORBARK
2015,MORGAN
2015,MORITZ
2015,MOTO GUZZI
2015,MOTUS MOTORCYCLES
2015,MV AGUSTA
2015,NABI
2015,NEW FLYER
2015,NEW HORIZONS
2015,NEWMAR
2015,NISSAN
2015,NORTHWOOD
2015,NOVA BUS
2015,NOVAE
2015,OPEN RANGE
2015,OREION
2015,OSHKOSH
2015,OUTDOORS RV
2015,PACCAR
2015,PACE
2015,PAGANI
2015,PALOMINO
2015,PETERBILT
2015,PHOENIX
2015,PIAGGIO
2015,PIERCE
2015,PITTS TRAILERS
2015,PJ TRAILERS
2015,PLATINUM
2015,PLEASANT VALLEY
2015,PLEASURE WAY
2015,POLAR TANK
2015,POLARIS
2015,PORSCHE
2015,PREVOST
2015,PRIME TIME
2015,PURSUIT
2015,QT EQUIPMENT
2015,QUALITY
2015,RAM
2015,RENEGADE
2015,RENEGADE RV
2015,RETRO
2015,REVABILITY
2015,RIVERSIDE
2015,ROAD RESCUE
2015,ROADTREK
2015,ROLLS-ROYCE
2015,ROSENBAUER
2015,RZR
2015,SCHWARZE
2015,SCION
2015,SEAGRAVE
2015,SETRA
2015,SHASTA
2015,SHOWHAULER
2015,SHRED-TECH
2015,SILVER EAGLE
2015,SMART
2015,SMEAL
2015,SNAKE RIVER
2015,SOMERSET
2015,SOUTHWEST
2015,SPARTAN
2015,SPARTAN ERV
2015,SPARTAN MOTORS
2015,SRT
2015,STARCRAFT
2015,STARCRAFT BUS
2015,STARTRANS
2015,STERLING
2015,STOUGHTON
2015,STRATOS
2015,STRICK
2015,SUBARU
2015,SUNLIGHT
2015,SUNNYBROOK
2015,SUPREME
2015,SUZUKI
2015,SYM
2015,TADANO
2015,TAOTAO
2015,TEMSA
2015,TEREX
2015,TEREX ADVANCE
2015,TEREX ENVIRONMENTAL
2015,TESLA
2015,TEST6
2015,THOMAS BUILT
2015,THOMAS BUILT BUSES
2015,THOR
2015,THOR MOTOR COACH
2015,TIFFIN
2015,TIMPTE
2015,TINY IDAHOMES
2015,TISHOMINGO
2015,TOYNE
2015,TOYOTA
2015,TRAIL KING
2015,TRAILS WEST
2015,TRAILSTAR
2015,TRANS TECH
2015,TRANS TECH BUS
2015,TRANSCRAFT
2015,TREMCAR
2015,TRIPLE E
2015,TRITON TRAILER
2015,TRIUMPH
2015,TURTLE TOP
2015,UTILIMASTER
2015,UTILITY
2015,VACTOR
2015,VAN HOOL
2015,VAN-CON
2015,VANCO
2015,VANGUARD
2015,VANLEIGH
2015,VENTURE
2015,VERMEER
2015,VIBE
2015,VICTORY
2015,VINTAGE
2015,VOLKSWAGEN
2015,VOLVO
2015,VOLVO BUS
2015,WABASH
2015,WABASH NATIONAL
2015,WALKER
2015,WEILER
2015,WELLS CARGO
2015,WEST-MARK
2015,WESTERN STAR
2015,WESTERN TRAILER
2015,WHEELED COACH
2015,WHITE WATER
2015,WILSON
2015,WINNEBAGO
2015,YAMAHA
2015,ZERO
2016,Available Makes
2016, 
2016,4-STAR
2016,ACG
2016,ACURA
2016,ADKINS
2016,AEV
2016,AIRSTREAM
2016,ALFA
2016,ALTEC
2016,ALUMA
2016,AMERA-LITE
2016,AMERICAN COACH
2016,AMERITRANS
2016,APRILIA
2016,ARBOC
2016,ASTON
2016,ASTON MARTIN
2016,ATC
2016,AUDI
2016,AUTO TRUCK
2016,AUTOCAR
2016,AVION
2016,BARRETT
2016,BENTLEY
2016,BERKSHIRE
2016,BIG TEX
2016,BISON
2016,BLUE BIRD
2016,BLUECAR
2016,BMW
2016,BOOM
2016,BRAUN
2016,BRENNER
2016,BUGATTI
2016,BUICK
2016,BYD
2016,C&B QUALITY TRAILER WORKS
2016,C&M
2016,CADILLAC
2016,CAN-AM
2016,CARADO
2016,CARDINAL
2016,CARGO EXPRESS
2016,CARGO MATE
2016,CATERPILLAR
2016,CEDAR CREEK
2016,CHAMPION
2016,CHAMPION SIDECAR
2016,CHARLESTON
2016,CHARMAC
2016,CHEETAH
2016,CHEROKEE
2016,CHEVROLET
2016,CHICAGO SCOOTER COMPANY
2016,CHRYSLER
2016,COACH HOUSE
2016,COACHMEN
2016,COLLINS
2016,COLUMBIA
2016,CON-TECH
2016,CONTINENTAL CARGO
2016,CRANE
2016,CRESTLINE COACH
2016,CROSSROADS
2016,CRUISER RV
2016,CSC
2016,CSI
2016,CUMMINS POWER GENERATION
2016,CUSTOM TRUCK
2016,DEJANA
2016,DITCH WITCH
2016,DODGE
2016,DOEPKER
2016,DRV
2016,DUCATI
2016,DURUXX
2016,DUTCHMEN
2016,DYNAMAX
2016,E-ONE
2016,E-RIDE
2016,EAST
2016,EAST MANUFACTURING
2016,EBB
2016,ECLIPSE
2016,ELDORADO
2016,ELDORADO MOBILITY
2016,ELGIN
2016,ELKHART
2016,ELPERS
2016,ENTEGRA
2016,EVERGREEN
2016,EZ LOADER
2016,FCA
2016,FCCC
2016,FELLING
2016,FERRARA
2016,FERRARI
2016,FIAT
2016,FLEETWOOD
2016,FONTAINE
2016,FORD
2016,FOREST RIVER
2016,FORETRAVEL
2016,FREIGHTLINER
2016,FREIGHTLINER CUSTOM CHASS
2016,FRONTLINE
2016,FUTURA
2016,GEM
2016,GENIE
2016,GILLIG
2016,GLACIER
2016,GLAVAL BUS
2016,GLAVAL TITAL II LF
2016,GLAVAL TITAN II LF
2016,GMC
2016,GRAND DESIGN
2016,GREAT DANE
2016,GREAT LAKES
2016,GULF STREAM
2016,H&H
2016,HACKNEY
2016,HARLEY-DAVIDSON
2016,HAUL MASTER
2016,HAULMARK
2016,HEARTLAND
2016,HEIL
2016,HIGHLAND RIDGE
2016,HILLSBORO
2016,HINO
2016,HISUN
2016,HME
2016,HOLIDAY RAMBLER
2016,HOMETOWN TROLLEY
2016,HONDA
2016,HORTON AMBULANCE
2016,HUTCHINSON
2016,HYMER
2016,HYUNDAI
2016,HYUNDAI TRANSLEAD
2016,IC BUS
2016,ICEBEAR
2016,IMT
2016,INDIAN
2016,INFINITI
2016,INTERNATIONAL
2016,ISUZU
2016,ITASCA
2016,JAGUAR
2016,JAYCO
2016,JAYCO TRAVEL TRAILER
2016,JEEP
2016,JERR-DAN
2016,JOHN EVANS
2016,JOHNSTON
2016,K-Z
2016,KALMAR
2016,KARAVAN
2016,KAUFMAN
2016,KAWASAKI
2016,KENWORTH
2016,KEYSTONE
2016,KIA
2016,KIDRON
2016,KME
2016,KOMPACT KAMP
2016,KTM
2016,KYMCO
2016,KZ-RV
2016,KZRV
2016,LAKOTA
2016,LAMBORGHINI
2016,LAND ROVER
2016,LAZY DAZE
2016,LEGACY EQUIPMENT
2016,LEGACY SR
2016,LEXUS
2016,LINCOLN
2016,LOAD TRAIL
2016,LODI
2016,LOOK
2016,LOTUS
2016,MACK
2016,MAHINDRA
2016,MANAC
2016,MARQUE
2016,MASERATI
2016,MAZDA
2016,MCCOY MILLER
2016,MCELRATH TRAILERS
2016,MCI
2016,MCNEILUS
2016,MERCEDES BENZ
2016,MERCEDES-BENZ
2016,MERCEDES-MAYBACH
2016,MERRITT
2016,METRO LINK
2016,MICRO BIRD
2016,MIDWEST
2016,MIDWEST FIRE
2016,MINI
2016,MITSUBISHI
2016,MITSUBISHI FUSO
2016,MOBILITY VENTURES
2016,MONACO
2016,MONROE
2016,MORBARK
2016,MORGAN
2016,MORITZ
2016,MV AGUSTA
2016,NAVISTAR
2016,NEW FLYER
2016,NEWMAR
2016,NEXUS
2016,NINJA
2016,NISSAN
2016,NOVA BUS
2016,OPEL
2016,OPEN RANGE
2016,OSHKOSH
2016,OUTDOORS RV
2016,PACCAR
2016,PACE
2016,PACIFIC COACHWORKS
2016,PAGANI
2016,PALOMINO
2016,PETERBILT
2016,PHOENIX
2016,PIAGGIO
2016,PIERCE
2016,PITTS TRAILERS
2016,PJ TRAILERS
2016,PLEASANT VALLEY
2016,PLEASURE WAY
2016,POLAR TANK
2016,POLARIS
2016,PORSCHE
2016,PREVOST
2016,PRIME TIME
2016,PROLINE
2016,QT EQUIPMENT
2016,QUALITEC
2016,RAM
2016,REDWOOD
2016,REITNOUER
2016,RENEGADE
2016,RENEGADE RV
2016,RETRO
2016,REVABILITY
2016,RIVERSIDE
2016,ROAD RESCUE
2016,ROADTREK
2016,ROKETA
2016,ROLLS-ROYCE
2016,ROSENBAUER
2016,SANDPIPER TOWABLE
2016,SCHWARZE
2016,SCION
2016,SEAGRAVE
2016,SETRA
2016,SHASTA
2016,SHORELAND'R
2016,SHOWHAULER
2016,SIERRA TOWABLES
2016,SMART
2016,SMEAL
2016,SNAKE RIVER
2016,SOMERSET
2016,SOUTHWEST
2016,SPARTAN
2016,SPARTAN ERV
2016,SPARTAN MOTORS
2016,SRT
2016,STARCRAFT
2016,STARCRAFT BUS
2016,STARTRANS
2016,STEALTH
2016,STERLING
2016,STOUGHTON
2016,STRATOS
2016,SUBARU
2016,SUNLIGHT
2016,SUPREME
2016,SUZUKI
2016,TEMSA
2016,TEREX
2016,TEREX ADVANCE
2016,TESLA
2016,THOMAS BUILT BUSES
2016,THOR
2016,THOR MOTOR COACH
2016,TIFFIN
2016,TINY IDAHOMES
2016,TOYOTA
2016,TRACER
2016,TRAIL KING
2016,TRAILS WEST
2016,TRAILSTAR
2016,TRANS TECH
2016,TRANS TECH BUS
2016,TRANSCRAFT
2016,TREMCAR
2016,TRIPLE E
2016,TRIPLE E RV
2016,TRITON TRAILER
2016,TRIUMPH
2016,TURTLE TOP
2016,TUSCANY
2016,US CARGO
2016,UTILIMASTER
2016,UTILITY
2016,VACTOR
2016,VAN HOOL
2016,VAN-CON
2016,VANGUARD
2016,VANLEIGH
2016,VERMEER
2016,VICTORY
2016,VINTAGE
2016,VOLKSWAGEN
2016,VOLVO
2016,VOLVO BUS
2016,WABASH
2016,WABASH NATIONAL
2016,WALKER
2016,WEILER
2016,WELLS CARGO
2016,WESTERN STAR
2016,WESTERN TRAILER
2016,WHEELED COACH
2016,WINNEBAGO
2016,XPO LOGISTICS
2016,YAMAHA
2016,ZERO
